"timestamp,FQDN_count,subdomain_length,upper,lower,numeric,entropy,special,labels,labels_max,labels_average,longest_word,sld,len,subdomain,time_difference,packetsToSameDomain"
"2021-03-30 01:14:50.893212,15,11,0,14,0,3.640223928941852,1,2,11,7.0,0,0,14,1,0,0,0"
"2021-03-30 01:14:50.932550,15,11,0,14,0,3.640223928941852,1,2,11,7.0,0,0,14,1,0:00:00.039338,1,0"
"2021-03-30 01:14:50.954929,182,65,0,158,18,4.800477711798484,6,7,38,25.142857142857142,0,0,176,1,0,0,0"
"2021-03-30 01:14:51.156828,182,65,0,158,18,4.800477711798484,6,7,38,25.142857142857142,0,0,176,1,0:00:00.201899,1,0"
"2021-03-30 01:14:51.189640,173,68,0,149,18,4.874008669180403,6,7,40,23.857142857142858,0,0,167,1,0,0,0"
"2021-03-30 01:14:51.387262,173,68,0,149,18,4.874008669180403,6,7,40,23.857142857142858,0,0,167,1,0:00:00.197622,1,0"
"2021-03-30 01:14:51.408263,163,75,0,144,13,4.749721071123432,6,7,39,22.428571428571427,0,0,157,1,0,0,0"
"2021-03-30 01:14:51.599621,163,75,0,144,13,4.749721071123432,6,7,39,22.428571428571427,0,0,157,1,0:00:00.191358,1,0"
"2021-03-30 01:14:51.627262,66,50,0,53,10,4.565566500772926,3,4,26,15.75,0,0,63,1,0,0,0"
"2021-03-30 01:14:51.813022,66,50,0,53,10,4.565566500772926,3,4,26,15.75,0,0,63,1,0:00:00.185760,1,0"
"2021-03-30 01:14:51.845737,72,56,0,62,7,4.1309353349448665,3,4,29,17.25,0,0,69,1,0,0,0"
"2021-03-30 01:14:52.085428,72,56,0,62,7,4.1309353349448665,3,4,29,17.25,0,0,69,1,0:00:00.239691,1,0"
"2021-03-30 01:14:52.111754,72,56,0,60,9,4.083633342990026,3,4,29,17.25,0,0,69,1,0,0,0"
"2021-03-30 01:14:52.397600,72,56,0,60,9,4.083633342990026,3,4,29,17.25,0,0,69,1,0:00:00.285846,1,0"
"2021-03-30 01:14:52.424235,72,56,0,63,6,4.126900695285793,3,4,29,17.25,0,0,69,1,0,0,0"
"2021-03-30 01:14:52.636644,72,56,0,63,6,4.126900695285793,3,4,29,17.25,0,0,69,1,0:00:00.212409,1,0"
"2021-03-30 01:14:52.658943,72,56,0,62,7,4.092673008525929,3,4,29,17.25,0,0,69,1,0,0,0"
"2021-03-30 01:14:52.875086,72,56,0,62,7,4.092673008525929,3,4,29,17.25,0,0,69,1,0:00:00.216143,1,0"
"2021-03-30 01:14:52.909549,72,56,0,61,8,4.280493056757483,3,4,29,17.25,0,0,69,1,0,0,0"
"2021-03-30 01:14:53.097586,72,56,0,61,8,4.280493056757483,3,4,29,17.25,0,0,69,1,0:00:00.188037,1,0"
"2021-03-30 01:14:53.128157,72,56,0,60,9,4.2375266132880265,3,4,29,17.25,0,0,69,1,0,0,0"
"2021-03-30 01:14:53.416379,72,56,0,60,9,4.2375266132880265,3,4,29,17.25,0,0,69,1,0:00:00.288222,1,0"
"2021-03-30 01:14:53.439640,72,56,0,56,13,4.1351136360269,3,4,29,17.25,0,0,69,1,0,0,0"
"2021-03-30 01:14:53.723757,72,56,0,56,13,4.1351136360269,3,4,29,17.25,0,0,69,1,0:00:00.284117,1,0"
"2021-03-30 01:14:53.752327,72,56,0,63,6,4.3937087313135335,3,4,29,17.25,0,0,69,1,0,0,0"
"2021-03-30 01:14:54.031123,72,56,0,63,6,4.3937087313135335,3,4,29,17.25,0,0,69,1,0:00:00.278796,1,0"
"2021-03-30 01:14:54.080494,72,56,0,61,8,4.228972140861,3,4,29,17.25,0,0,69,1,0,0,0"
"2021-03-30 01:14:54.338223,72,56,0,61,8,4.228972140861,3,4,29,17.25,0,0,69,1,0:00:00.257729,1,0"
"2021-03-30 01:14:54.392194,72,56,0,61,8,4.38260490569147,3,4,29,17.25,0,0,69,1,0,0,0"
"2021-03-30 01:14:54.645564,72,56,0,61,8,4.38260490569147,3,4,29,17.25,0,0,69,1,0:00:00.253370,1,0"
"2021-03-30 01:14:54.674885,72,56,0,61,8,4.279823579366037,3,4,29,17.25,0,0,69,1,0,0,0"
"2021-03-30 01:14:54.872464,72,56,0,61,8,4.279823579366037,3,4,29,17.25,0,0,69,1,0:00:00.197579,1,0"
"2021-03-30 01:14:54.893019,72,56,0,60,9,4.305312509416307,3,4,29,17.25,0,0,69,1,0,0,0"
"2021-03-30 01:14:55.088417,72,56,0,60,9,4.305312509416307,3,4,29,17.25,0,0,69,1,0:00:00.195398,1,0"
"2021-03-30 01:14:55.112187,72,56,0,62,7,4.324760502408409,3,4,29,17.25,0,0,69,1,0,0,0"
"2021-03-30 01:14:55.308404,72,56,0,62,7,4.324760502408409,3,4,29,17.25,0,0,69,1,0:00:00.196217,1,0"
"2021-03-30 01:14:55.330970,72,56,0,59,10,4.333858030631374,3,4,29,17.25,0,0,69,1,0,0,0"
"2021-03-30 01:14:55.583096,72,56,0,59,10,4.333858030631374,3,4,29,17.25,0,0,69,1,0:00:00.252126,1,0"
"2021-03-30 01:14:55.611098,72,56,0,60,9,4.305312509416307,3,4,29,17.25,0,0,69,1,0,0,0"
"2021-03-30 01:14:55.803147,72,56,0,60,9,4.305312509416307,3,4,29,17.25,0,0,69,1,0:00:00.192049,1,0"
"2021-03-30 01:14:55.830536,72,56,0,62,7,4.265304391065804,3,4,29,17.25,0,0,69,1,0,0,0"
"2021-03-30 01:14:56.030277,72,56,0,62,7,4.265304391065804,3,4,29,17.25,0,0,69,1,0:00:00.199741,1,0"
"2021-03-30 01:14:56.064243,72,56,0,59,10,4.383224182672374,3,4,29,17.25,0,0,69,1,0,0,0"
"2021-03-30 01:14:56.309755,72,56,0,59,10,4.383224182672374,3,4,29,17.25,0,0,69,1,0:00:00.245512,1,0"
"2021-03-30 01:14:56.330167,72,56,0,61,8,4.123242066967547,3,4,29,17.25,0,0,69,1,0,0,0"
"2021-03-30 01:14:56.591478,72,56,0,61,8,4.123242066967547,3,4,29,17.25,0,0,69,1,0:00:00.261311,1,0"
"2021-03-30 01:14:56.630009,72,56,0,62,7,4.3367661553397845,3,4,29,17.25,0,0,69,1,0,0,0"
"2021-03-30 01:14:56.898353,72,56,0,62,7,4.3367661553397845,3,4,29,17.25,0,0,69,1,0:00:00.268344,1,0"
"2021-03-30 01:14:56.939766,180,50,0,153,20,4.801820034474194,7,8,38,21.625,0,0,173,1,0,0,0"
"2021-03-30 01:14:57.145387,180,50,0,153,20,4.801820034474194,7,8,38,21.625,0,0,173,1,0:00:00.205621,1,0"
"2021-03-30 01:14:57.189825,171,55,0,142,22,4.826034387490627,7,8,34,20.5,0,0,164,1,0,0,0"
"2021-03-30 01:14:57.368545,171,55,0,142,22,4.826034387490627,7,8,34,20.5,0,0,164,1,0:00:00.178720,1,0"
"2021-03-30 01:14:57.410707,170,58,0,152,12,4.586484361706343,6,7,35,23.428571428571427,0,0,164,1,0,0,0"
"2021-03-30 01:14:57.604168,170,58,0,152,12,4.586484361706343,6,7,35,23.428571428571427,0,0,164,1,0:00:00.193461,1,0"
"2021-03-30 01:14:57.629568,66,50,0,59,4,4.348736498173076,3,4,26,15.75,0,0,63,1,0,0,0"
"2021-03-30 01:14:57.922288,66,50,0,59,4,4.348736498173076,3,4,26,15.75,0,0,63,1,0:00:00.292720,1,0"
"2021-03-30 01:14:57.954953,72,56,0,58,11,4.047014053625009,3,4,29,17.25,0,0,69,1,0,0,0"
"2021-03-30 01:14:58.177264,72,56,0,58,11,4.047014053625009,3,4,29,17.25,0,0,69,1,0:00:00.222311,1,0"
"2021-03-30 01:14:58.205450,72,56,0,59,10,4.336366760966804,3,4,29,17.25,0,0,69,1,0,0,0"
"2021-03-30 01:14:58.537597,72,56,0,59,10,4.336366760966804,3,4,29,17.25,0,0,69,1,0:00:00.332147,1,0"
"2021-03-30 01:14:58.565546,72,56,0,62,7,4.277135337265549,3,4,29,17.25,0,0,69,1,0,0,0"
"2021-03-30 01:14:58.844062,72,56,0,62,7,4.277135337265549,3,4,29,17.25,0,0,69,1,0:00:00.278516,1,0"
"2021-03-30 01:14:58.877553,72,56,0,58,11,4.1966166676282075,3,4,29,17.25,0,0,69,1,0,0,0"
"2021-03-30 01:14:59.156770,72,56,0,58,11,4.1966166676282075,3,4,29,17.25,0,0,69,1,0:00:00.279217,1,0"
"2021-03-30 01:14:59.189592,72,56,0,64,5,4.284168924903182,3,4,29,17.25,0,0,69,1,0,0,0"
"2021-03-30 01:14:59.474944,72,56,0,64,5,4.284168924903182,3,4,29,17.25,0,0,69,1,0:00:00.285352,1,0"
"2021-03-30 01:14:59.517781,72,56,0,60,9,4.289590584980449,3,4,29,17.25,0,0,69,1,0,0,0"
"2021-03-30 01:14:59.745186,72,56,0,60,9,4.289590584980449,3,4,29,17.25,0,0,69,1,0:00:00.227405,1,0"
"2021-03-30 01:14:59.768341,72,56,0,61,8,4.213065932142575,3,4,29,17.25,0,0,69,1,0,0,0"
"2021-03-30 01:14:59.966403,72,56,0,61,8,4.213065932142575,3,4,29,17.25,0,0,69,1,0:00:00.198062,1,0"
"2021-03-30 01:14:59.986805,72,56,0,61,8,4.365311676554851,3,4,29,17.25,0,0,69,1,0,0,0"
"2021-03-30 01:15:00.203323,72,56,0,61,8,4.365311676554851,3,4,29,17.25,0,0,69,1,0:00:00.216518,1,0"
"2021-03-30 01:15:00.221588,72,56,0,58,11,4.318755383176419,3,4,29,17.25,0,0,69,1,0,0,0"
"2021-03-30 01:15:00.586141,72,56,0,58,11,4.318755383176419,3,4,29,17.25,0,0,69,1,0:00:00.364553,1,0"
"2021-03-30 01:15:00.613045,72,56,0,59,10,4.411001960450153,3,4,29,17.25,0,0,69,1,0,0,0"
"2021-03-30 01:15:00.889838,72,56,0,59,10,4.411001960450153,3,4,29,17.25,0,0,69,1,0:00:00.276793,1,0"
"2021-03-30 01:15:00.925066,72,56,0,63,6,4.2631998276208645,3,4,29,17.25,0,0,69,1,0,0,0"
"2021-03-30 01:15:01.114179,72,56,0,63,6,4.2631998276208645,3,4,29,17.25,0,0,69,1,0:00:00.189113,1,0"
"2021-03-30 01:15:01.143710,72,56,0,61,8,4.331344495262519,3,4,29,17.25,0,0,69,1,0,0,0"
"2021-03-30 01:15:01.328952,72,56,0,61,8,4.331344495262519,3,4,29,17.25,0,0,69,1,0:00:00.185242,1,0"
"2021-03-30 01:15:01.362022,72,56,0,62,7,4.326281606698626,3,4,29,17.25,0,0,69,1,0,0,0"
"2021-03-30 01:15:01.554405,72,56,0,62,7,4.326281606698626,3,4,29,17.25,0,0,69,1,0:00:00.192383,1,0"
"2021-03-30 01:15:01.581556,72,56,0,58,11,4.449448571151656,3,4,29,17.25,0,0,69,1,0,0,0"
"2021-03-30 01:15:01.754788,72,56,0,58,11,4.449448571151656,3,4,29,17.25,0,0,69,1,0:00:00.173232,1,0"
"2021-03-30 01:15:01.800474,72,56,0,61,8,4.207962420719075,3,4,29,17.25,0,0,69,1,0,0,0"
"2021-03-30 01:15:02.018466,72,56,0,61,8,4.207962420719075,3,4,29,17.25,0,0,69,1,0:00:00.217992,1,0"
"2021-03-30 01:15:02.080840,72,56,0,63,6,4.255178613938019,3,4,29,17.25,0,0,69,1,0,0,0"
"2021-03-30 01:15:02.252984,72,56,0,63,6,4.255178613938019,3,4,29,17.25,0,0,69,1,0:00:00.172144,1,0"
"2021-03-30 01:15:02.299275,72,56,0,63,6,4.333858030631373,3,4,29,17.25,0,0,69,1,0,0,0"
"2021-03-30 01:15:02.530432,72,56,0,63,6,4.333858030631373,3,4,29,17.25,0,0,69,1,0:00:00.231157,1,0"
"2021-03-30 01:15:02.549664,72,56,0,61,8,4.253432822006452,3,4,29,17.25,0,0,69,1,0,0,0"
"2021-03-30 01:15:02.753080,72,56,0,61,8,4.253432822006452,3,4,29,17.25,0,0,69,1,0:00:00.203416,1,0"
"2021-03-30 01:15:02.784234,72,56,0,62,7,4.386900050818074,3,4,29,17.25,0,0,69,1,0,0,0"
"2021-03-30 01:15:03.144671,72,56,0,62,7,4.386900050818074,3,4,29,17.25,0,0,69,1,0:00:00.360437,1,0"
"2021-03-30 01:15:03.190038,179,70,0,158,15,4.801571125521339,6,7,36,24.714285714285715,0,0,173,1,0,0,0"
"2021-03-30 01:15:03.453210,179,70,0,158,15,4.801571125521339,6,7,36,24.714285714285715,0,0,173,1,0:00:00.263172,1,0"
"2021-03-30 01:15:03.472331,183,49,0,158,18,4.8482558505319675,7,8,36,22.0,0,0,176,1,0,0,0"
"2021-03-30 01:15:03.759186,183,49,0,158,18,4.8482558505319675,7,8,36,22.0,0,0,176,1,0:00:00.286855,1,0"
"2021-03-30 01:15:03.784274,157,52,0,134,17,4.758283584309828,6,7,30,21.571428571428573,0,0,151,1,0,0,0"
"2021-03-30 01:15:04.074759,157,52,0,134,17,4.758283584309828,6,7,30,21.571428571428573,0,0,151,1,0:00:00.290485,1,0"
"2021-03-30 01:15:04.097363,66,50,0,58,5,4.27318648518716,3,4,26,15.75,0,0,63,1,0,0,0"
"2021-03-30 01:15:04.325996,66,50,0,58,5,4.27318648518716,3,4,26,15.75,0,0,63,1,0:00:00.228633,1,0"
"2021-03-30 01:15:04.346440,72,56,0,63,6,4.241161858574118,3,4,29,17.25,0,0,69,1,0,0,0"
"2021-03-30 01:15:04.555895,72,56,0,63,6,4.241161858574118,3,4,29,17.25,0,0,69,1,0:00:00.209455,1,0"
"2021-03-30 01:15:04.581795,72,56,0,59,10,4.329558080471345,3,4,29,17.25,0,0,69,1,0,0,0"
"2021-03-30 01:15:04.795158,72,56,0,59,10,4.329558080471345,3,4,29,17.25,0,0,69,1,0:00:00.213363,1,0"
"2021-03-30 01:15:04.815066,72,56,0,60,9,4.25391801511533,3,4,29,17.25,0,0,69,1,0,0,0"
"2021-03-30 01:15:05.090522,72,56,0,60,9,4.25391801511533,3,4,29,17.25,0,0,69,1,0:00:00.275456,1,0"
"2021-03-30 01:15:05.128240,72,56,0,64,5,4.142806904004218,3,4,29,17.25,0,0,69,1,0,0,0"
"2021-03-30 01:15:05.397933,72,56,0,64,5,4.142806904004218,3,4,29,17.25,0,0,69,1,0:00:00.269693,1,0"
"2021-03-30 01:15:05.440079,72,56,0,62,7,4.030854121037154,3,4,29,17.25,0,0,69,1,0,0,0"
"2021-03-30 01:15:05.705874,72,56,0,62,7,4.030854121037154,3,4,29,17.25,0,0,69,1,0:00:00.265795,1,0"
"2021-03-30 01:15:05.752256,72,56,0,62,7,4.340042629112504,3,4,29,17.25,0,0,69,1,0,0,0"
"2021-03-30 01:15:06.012343,72,56,0,62,7,4.340042629112504,3,4,29,17.25,0,0,69,1,0:00:00.260087,1,0"
"2021-03-30 01:15:06.049406,72,56,0,63,6,4.3085889831890265,3,4,29,17.25,0,0,69,1,0,0,0"
"2021-03-30 01:15:06.235241,72,56,0,63,6,4.3085889831890265,3,4,29,17.25,0,0,69,1,0:00:00.185835,1,0"
"2021-03-30 01:15:06.269621,72,56,0,60,9,4.242948273365293,3,4,29,17.25,0,0,69,1,0,0,0"
"2021-03-30 01:15:06.524271,72,56,0,60,9,4.242948273365293,3,4,29,17.25,0,0,69,1,0:00:00.254650,1,0"
"2021-03-30 01:15:06.565566,72,56,0,65,4,4.371352613613023,3,4,29,17.25,0,0,69,1,0,0,0"
"2021-03-30 01:15:06.760444,72,56,0,65,4,4.371352613613023,3,4,29,17.25,0,0,69,1,0:00:00.194878,1,0"
"2021-03-30 01:15:06.784290,72,56,0,60,9,4.272598264670142,3,4,29,17.25,0,0,69,1,0,0,0"
"2021-03-30 01:15:06.974925,72,56,0,60,9,4.272598264670142,3,4,29,17.25,0,0,69,1,0:00:00.190635,1,0"
"2021-03-30 01:15:07.018913,72,56,0,61,8,4.359481044553671,3,4,29,17.25,0,0,69,1,0,0,0"
"2021-03-30 01:15:07.192912,72,56,0,61,8,4.359481044553671,3,4,29,17.25,0,0,69,1,0:00:00.173999,1,0"
"2021-03-30 01:15:07.221933,72,56,0,62,7,4.340442023485485,3,4,29,17.25,0,0,69,1,0,0,0"
"2021-03-30 01:15:07.445764,72,56,0,62,7,4.340442023485485,3,4,29,17.25,0,0,69,1,0:00:00.223831,1,0"
"2021-03-30 01:15:07.486186,72,56,0,59,10,4.421486509091312,3,4,29,17.25,0,0,69,1,0,0,0"
"2021-03-30 01:15:07.755197,72,56,0,59,10,4.421486509091312,3,4,29,17.25,0,0,69,1,0:00:00.269011,1,0"
"2021-03-30 01:15:07.784203,72,56,0,59,10,4.31507951503072,3,4,29,17.25,0,0,69,1,0,0,0"
"2021-03-30 01:15:08.059945,72,56,0,59,10,4.31507951503072,3,4,29,17.25,0,0,69,1,0:00:00.275742,1,0"
"2021-03-30 01:15:08.096288,72,56,0,63,6,4.324177043253687,3,4,29,17.25,0,0,69,1,0,0,0"
"2021-03-30 01:15:08.367466,72,56,0,63,6,4.324177043253687,3,4,29,17.25,0,0,69,1,0:00:00.271178,1,0"
"2021-03-30 01:15:08.393734,72,56,0,61,8,4.175121754377404,3,4,29,17.25,0,0,69,1,0,0,0"
"2021-03-30 01:15:08.674390,72,56,0,61,8,4.175121754377404,3,4,29,17.25,0,0,69,1,0:00:00.280656,1,0"
"2021-03-30 01:15:08.706937,72,56,0,57,12,4.186773440828833,3,4,29,17.25,0,0,69,1,0,0,0"
"2021-03-30 01:15:08.900106,72,56,0,57,12,4.186773440828833,3,4,29,17.25,0,0,69,1,0:00:00.193169,1,0"
"2021-03-30 01:15:08.924739,72,56,0,63,6,4.249756953860752,3,4,29,17.25,0,0,69,1,0,0,0"
"2021-03-30 01:15:09.132873,72,56,0,63,6,4.249756953860752,3,4,29,17.25,0,0,69,1,0:00:00.208134,1,0"
"2021-03-30 01:15:09.160340,72,56,0,66,3,4.290977605398642,3,4,29,17.25,0,0,69,1,0,0,0"
"2021-03-30 01:15:09.349966,72,56,0,66,3,4.290977605398642,3,4,29,17.25,0,0,69,1,0:00:00.189626,1,0"
"2021-03-30 01:15:09.378883,185,68,0,161,17,4.80006390588437,7,8,39,22.25,0,0,178,1,0,0,0"
"2021-03-30 01:15:09.701926,185,68,0,161,17,4.80006390588437,7,8,39,22.25,0,0,178,1,0:00:00.323043,1,0"
"2021-03-30 01:15:09.722006,190,74,0,164,19,4.867348203563989,7,8,39,22.875,0,0,183,1,0,0,0"
"2021-03-30 01:15:10.005851,190,74,0,164,19,4.867348203563989,7,8,39,22.875,0,0,183,1,0:00:00.283845,1,0"
"2021-03-30 01:15:10.048949,146,42,0,129,11,4.588812355954629,6,7,31,20.0,0,0,140,1,0,0,0"
"2021-03-30 01:15:10.312889,146,42,0,129,11,4.588812355954629,6,7,31,20.0,0,0,140,1,0:00:00.263940,1,0"
"2021-03-30 01:15:10.346935,66,50,0,58,5,4.342991410835155,3,4,26,15.75,0,0,63,1,0,0,0"
"2021-03-30 01:15:10.515830,66,50,0,58,5,4.342991410835155,3,4,26,15.75,0,0,63,1,0:00:00.168895,1,0"
"2021-03-30 01:15:10.549616,72,56,0,60,9,4.258455087710737,3,4,29,17.25,0,0,69,1,0,0,0"
"2021-03-30 01:15:10.827205,72,56,0,60,9,4.258455087710737,3,4,29,17.25,0,0,69,1,0:00:00.277589,1,0"
"2021-03-30 01:15:10.861757,72,56,0,63,6,4.174260549927697,3,4,29,17.25,0,0,69,1,0,0,0"
"2021-03-30 01:15:11.131321,72,56,0,63,6,4.174260549927697,3,4,29,17.25,0,0,69,1,0:00:00.269564,1,0"
"2021-03-30 01:15:11.160434,72,56,0,62,7,4.192940799482508,3,4,29,17.25,0,0,69,1,0,0,0"
"2021-03-30 01:15:11.361617,72,56,0,62,7,4.192940799482508,3,4,29,17.25,0,0,69,1,0:00:00.201183,1,0"
"2021-03-30 01:15:11.410756,72,56,0,60,9,4.152703504658854,3,4,29,17.25,0,0,69,1,0,0,0"
"2021-03-30 01:15:11.579635,72,56,0,60,9,4.152703504658854,3,4,29,17.25,0,0,69,1,0:00:00.168879,1,0"
"2021-03-30 01:15:11.629911,72,56,0,62,7,4.100823817248998,3,4,29,17.25,0,0,69,1,0,0,0"
"2021-03-30 01:15:11.808270,72,56,0,62,7,4.100823817248998,3,4,29,17.25,0,0,69,1,0:00:00.178359,1,0"
"2021-03-30 01:15:11.832400,72,56,0,59,10,4.376415502176915,3,4,29,17.25,0,0,69,1,0,0,0"
"2021-03-30 01:15:12.025452,72,56,0,59,10,4.376415502176915,3,4,29,17.25,0,0,69,1,0:00:00.193052,1,0"
"2021-03-30 01:15:12.051013,72,56,0,58,11,4.297786285894102,3,4,29,17.25,0,0,69,1,0,0,0"
"2021-03-30 01:15:12.395974,72,56,0,58,11,4.297786285894102,3,4,29,17.25,0,0,69,1,0:00:00.344961,1,0"
"2021-03-30 01:15:12.440341,72,56,0,61,8,4.357017709595357,3,4,29,17.25,0,0,69,1,0,0,0"
"2021-03-30 01:15:12.673170,72,56,0,61,8,4.357017709595357,3,4,29,17.25,0,0,69,1,0:00:00.232829,1,0"
"2021-03-30 01:15:12.705031,72,56,0,63,6,4.15070169609156,3,4,29,17.25,0,0,69,1,0,0,0"
"2021-03-30 01:15:13.036831,72,56,0,63,6,4.15070169609156,3,4,29,17.25,0,0,69,1,0:00:00.331800,1,0"
"2021-03-30 01:15:13.080860,72,56,0,62,7,4.29698272463063,3,4,29,17.25,0,0,69,1,0,0,0"
"2021-03-30 01:15:13.392581,72,56,0,62,7,4.29698272463063,3,4,29,17.25,0,0,69,1,0:00:00.311721,1,0"
"2021-03-30 01:15:13.440364,72,56,0,60,9,4.336048612313038,3,4,29,17.25,0,0,69,1,0,0,0"
"2021-03-30 01:15:13.612118,72,56,0,60,9,4.336048612313038,3,4,29,17.25,0,0,69,1,0:00:00.171754,1,0"
"2021-03-30 01:15:13.659152,72,56,0,62,7,4.249756953860753,3,4,29,17.25,0,0,69,1,0,0,0"
"2021-03-30 01:15:13.903372,72,56,0,62,7,4.249756953860753,3,4,29,17.25,0,0,69,1,0:00:00.244220,1,0"
"2021-03-30 01:15:13.925573,72,56,0,62,7,4.4259301206743,3,4,29,17.25,0,0,69,1,0,0,0"
"2021-03-30 01:15:14.267203,72,56,0,62,7,4.4259301206743,3,4,29,17.25,0,0,69,1,0:00:00.341630,1,0"
"2021-03-30 01:15:14.299783,72,56,0,62,7,4.43273880116976,3,4,29,17.25,0,0,69,1,0,0,0"
"2021-03-30 01:15:14.493590,72,56,0,62,7,4.43273880116976,3,4,29,17.25,0,0,69,1,0:00:00.193807,1,0"
"2021-03-30 01:15:14.519982,72,56,0,61,8,4.311501912930862,3,4,29,17.25,0,0,69,1,0,0,0"
"2021-03-30 01:15:14.817163,72,56,0,61,8,4.311501912930862,3,4,29,17.25,0,0,69,1,0:00:00.297181,1,0"
"2021-03-30 01:15:14.847498,72,56,0,61,8,4.15070169609156,3,4,29,17.25,0,0,69,1,0,0,0"
"2021-03-30 01:15:15.147681,72,56,0,61,8,4.15070169609156,3,4,29,17.25,0,0,69,1,0:00:00.300183,1,0"
"2021-03-30 01:15:15.191537,72,56,0,63,6,4.322790022835493,3,4,29,17.25,0,0,69,1,0,0,0"
"2021-03-30 01:15:15.367528,72,56,0,63,6,4.322790022835493,3,4,29,17.25,0,0,69,1,0:00:00.175991,1,0"
"2021-03-30 01:15:15.393954,72,56,0,64,5,4.25616623998323,3,4,29,17.25,0,0,69,1,0,0,0"
"2021-03-30 01:15:15.876829,72,56,0,64,5,4.25616623998323,3,4,29,17.25,0,0,69,1,0:00:00.482875,1,0"
"2021-03-30 01:15:15.909617,72,56,0,59,10,4.394476474750823,3,4,29,17.25,0,0,69,1,0,0,0"
"2021-03-30 01:15:16.205658,72,56,0,59,10,4.394476474750823,3,4,29,17.25,0,0,69,1,0:00:00.296041,1,0"
"2021-03-30 01:15:16.236992,185,58,0,157,21,4.838318505812618,7,8,34,22.25,0,0,178,1,0,0,0"
"2021-03-30 01:15:16.469781,185,58,0,157,21,4.838318505812618,7,8,34,22.25,0,0,178,1,0:00:00.232789,1,0"
"2021-03-30 01:15:16.502053,179,61,0,152,20,4.886250673721528,7,8,39,21.5,0,0,172,1,0,0,0"
"2021-03-30 01:15:16.685895,179,61,0,152,20,4.886250673721528,7,8,39,21.5,0,0,172,1,0:00:00.183842,1,0"
"2021-03-30 01:15:16.707083,157,58,0,129,22,4.794861578238096,6,7,31,21.571428571428573,0,0,151,1,0,0,0"
"2021-03-30 01:15:16.896679,157,58,0,129,22,4.794861578238096,6,7,31,21.571428571428573,0,0,151,1,0:00:00.189596,1,0"
"2021-03-30 01:15:16.925627,66,50,0,57,6,4.371611877026514,3,4,26,15.75,0,0,63,1,0,0,0"
"2021-03-30 01:15:17.115822,66,50,0,57,6,4.371611877026514,3,4,26,15.75,0,0,63,1,0:00:00.190195,1,0"
"2021-03-30 01:15:17.160339,72,56,0,60,9,4.27032665677009,3,4,29,17.25,0,0,69,1,0,0,0"
"2021-03-30 01:15:17.378882,72,56,0,60,9,4.27032665677009,3,4,29,17.25,0,0,69,1,0:00:00.218543,1,0"
"2021-03-30 01:15:17.410903,72,56,0,64,5,4.140831935599502,3,4,29,17.25,0,0,69,1,0,0,0"
"2021-03-30 01:15:17.693641,72,56,0,64,5,4.140831935599502,3,4,29,17.25,0,0,69,1,0:00:00.282738,1,0"
"2021-03-30 01:15:17.752328,72,56,0,64,5,4.103659990103423,3,4,29,17.25,0,0,69,1,0,0,0"
"2021-03-30 01:15:17.994081,72,56,0,64,5,4.103659990103423,3,4,29,17.25,0,0,69,1,0:00:00.241753,1,0"
"2021-03-30 01:15:18.019085,72,56,0,63,6,4.167994925228178,3,4,29,17.25,0,0,69,1,0,0,0"
"2021-03-30 01:15:18.300739,72,56,0,63,6,4.167994925228178,3,4,29,17.25,0,0,69,1,0:00:00.281654,1,0"
"2021-03-30 01:15:18.330995,72,56,0,64,5,4.058588983189026,3,4,29,17.25,0,0,69,1,0,0,0"
"2021-03-30 01:15:18.612823,72,56,0,64,5,4.058588983189026,3,4,29,17.25,0,0,69,1,0:00:00.281828,1,0"
"2021-03-30 01:15:18.661195,72,56,0,58,11,3.9611381486947392,3,4,29,17.25,0,0,69,1,0,0,0"
"2021-03-30 01:15:18.831767,72,56,0,58,11,3.9611381486947392,3,4,29,17.25,0,0,69,1,0:00:00.170572,1,0"
"2021-03-30 01:15:18.880233,72,56,0,61,8,4.3937087313135335,3,4,29,17.25,0,0,69,1,0,0,0"
"2021-03-30 01:15:19.047722,72,56,0,61,8,4.3937087313135335,3,4,29,17.25,0,0,69,1,0:00:00.167489,1,0"
"2021-03-30 01:15:19.080760,72,56,0,59,10,4.363022828827345,3,4,29,17.25,0,0,69,1,0,0,0"
"2021-03-30 01:15:19.274973,72,56,0,59,10,4.363022828827345,3,4,29,17.25,0,0,69,1,0:00:00.194213,1,0"
"2021-03-30 01:15:19.301649,72,56,0,57,12,4.298503828920849,3,4,29,17.25,0,0,69,1,0,0,0"
"2021-03-30 01:15:19.487612,72,56,0,57,12,4.298503828920849,3,4,29,17.25,0,0,69,1,0:00:00.185963,1,0"
"2021-03-30 01:15:19.520202,72,56,0,56,13,4.318755383176419,3,4,29,17.25,0,0,69,1,0,0,0"
"2021-03-30 01:15:19.833692,72,56,0,56,13,4.318755383176419,3,4,29,17.25,0,0,69,1,0:00:00.313490,1,0"
"2021-03-30 01:15:19.880092,72,56,0,64,5,4.323373481990214,3,4,29,17.25,0,0,69,1,0,0,0"
"2021-03-30 01:15:20.143511,72,56,0,64,5,4.323373481990214,3,4,29,17.25,0,0,69,1,0:00:00.263419,1,0"
"2021-03-30 01:15:20.175723,72,56,0,64,5,4.257068067292544,3,4,29,17.25,0,0,69,1,0,0,0"
"2021-03-30 01:15:20.450828,72,56,0,64,5,4.257068067292544,3,4,29,17.25,0,0,69,1,0:00:00.275105,1,0"
"2021-03-30 01:15:20.472475,72,56,0,63,6,4.26351797627463,3,4,29,17.25,0,0,69,1,0,0,0"
"2021-03-30 01:15:20.757952,72,56,0,63,6,4.26351797627463,3,4,29,17.25,0,0,69,1,0:00:00.285477,1,0"
"2021-03-30 01:15:20.784327,72,56,0,65,4,4.242548878992312,3,4,29,17.25,0,0,69,1,0,0,0"
"2021-03-30 01:15:21.066986,72,56,0,65,4,4.242548878992312,3,4,29,17.25,0,0,69,1,0:00:00.282659,1,0"
"2021-03-30 01:15:21.112370,72,56,0,59,10,4.2652637682061965,3,4,29,17.25,0,0,69,1,0,0,0"
"2021-03-30 01:15:21.372308,72,56,0,59,10,4.2652637682061965,3,4,29,17.25,0,0,69,1,0:00:00.259938,1,0"
"2021-03-30 01:15:21.394136,72,56,0,64,5,4.343574835835244,3,4,29,17.25,0,0,69,1,0,0,0"
"2021-03-30 01:15:21.587192,72,56,0,64,5,4.343574835835244,3,4,29,17.25,0,0,69,1,0:00:00.193056,1,0"
"2021-03-30 01:15:21.627076,72,56,0,58,11,4.3465331609541975,3,4,29,17.25,0,0,69,1,0,0,0"
"2021-03-30 01:15:22.031204,72,56,0,58,11,4.3465331609541975,3,4,29,17.25,0,0,69,1,0:00:00.404128,1,0"
"2021-03-30 01:15:22.051009,72,56,0,61,8,4.338153175757978,3,4,29,17.25,0,0,69,1,0,0,0"
"2021-03-30 01:15:22.259306,72,56,0,61,8,4.338153175757978,3,4,29,17.25,0,0,69,1,0:00:00.208297,1,0"
"2021-03-30 01:15:22.299962,72,56,0,65,4,4.251328258561512,3,4,29,17.25,0,0,69,1,0,0,0"
"2021-03-30 01:15:22.492077,72,56,0,65,4,4.251328258561512,3,4,29,17.25,0,0,69,1,0:00:00.192115,1,0"
"2021-03-30 01:16:51.083429,184,70,0,160,18,4.787136973713338,6,7,36,25.428571428571427,0,0,178,1,0,0,0"
"2021-03-30 01:16:51.100017,184,70,0,160,18,4.787136973713338,6,7,36,25.428571428571427,0,0,178,1,0:00:00.016588,1,0"
"2021-03-30 01:16:51.101080,175,61,0,146,22,4.875214788987941,7,8,36,21.0,0,0,168,1,0,0,0"
"2021-03-30 01:16:51.304869,175,61,0,146,22,4.875214788987941,7,8,36,21.0,0,0,168,1,0:00:00.203789,1,0"
"2021-03-30 01:16:51.520772,160,66,0,135,19,4.7934787592783925,6,7,39,22.0,0,0,154,1,0,0,0"
"2021-03-30 01:16:51.588504,160,66,0,135,19,4.7934787592783925,6,7,39,22.0,0,0,154,1,0:00:00.067732,1,0"
"2021-03-30 01:16:51.803403,66,50,0,58,5,4.288130437567015,3,4,26,15.75,0,0,63,1,0,0,0"
"2021-03-30 01:16:51.901069,66,50,0,58,5,4.288130437567015,3,4,26,15.75,0,0,63,1,0:00:00.097666,1,0"
"2021-03-30 01:16:52.131455,72,56,0,63,6,4.26351797627463,3,4,29,17.25,0,0,69,1,0,0,0"
"2021-03-30 01:16:52.205370,72,56,0,63,6,4.26351797627463,3,4,29,17.25,0,0,69,1,0:00:00.073915,1,0"
"2021-03-30 01:16:52.413439,72,56,0,58,11,4.2201927612918,3,4,29,17.25,0,0,69,1,0,0,0"
"2021-03-30 01:16:52.510377,72,56,0,58,11,4.2201927612918,3,4,29,17.25,0,0,69,1,0:00:00.096938,1,0"
"2021-03-30 01:16:52.739548,72,56,0,59,10,4.346851309607963,3,4,29,17.25,0,0,69,1,0,0,0"
"2021-03-30 01:16:52.794283,72,56,0,59,10,4.346851309607963,3,4,29,17.25,0,0,69,1,0:00:00.054735,1,0"
"2021-03-30 01:16:53.006235,72,56,0,61,8,4.171445886231703,3,4,29,17.25,0,0,69,1,0,0,0"
"2021-03-30 01:16:53.019722,72,56,0,61,8,4.171445886231703,3,4,29,17.25,0,0,69,1,0:00:00.013487,1,0"
"2021-03-30 01:16:53.239424,72,56,0,58,11,4.2147711012145335,3,4,29,17.25,0,0,69,1,0,0,0"
"2021-03-30 01:16:53.254387,72,56,0,58,11,4.2147711012145335,3,4,29,17.25,0,0,69,1,0:00:00.014963,1,0"
"2021-03-30 01:16:53.489502,72,56,0,59,10,4.262656771824922,3,4,29,17.25,0,0,69,1,0,0,0"
"2021-03-30 01:16:53.534297,72,56,0,59,10,4.262656771824922,3,4,29,17.25,0,0,69,1,0:00:00.044795,1,0"
"2021-03-30 01:16:53.755468,72,56,0,64,5,4.245906598484246,3,4,29,17.25,0,0,69,1,0,0,0"
"2021-03-30 01:16:53.841356,72,56,0,64,5,4.245906598484246,3,4,29,17.25,0,0,69,1,0:00:00.085888,1,0"
"2021-03-30 01:16:54.053647,72,56,0,59,10,4.184745098568856,3,4,29,17.25,0,0,69,1,0,0,0"
"2021-03-30 01:16:54.067969,72,56,0,59,10,4.184745098568856,3,4,29,17.25,0,0,69,1,0:00:00.014322,1,0"
"2021-03-30 01:16:54.302253,72,56,0,61,8,4.189578810659598,3,4,29,17.25,0,0,69,1,0,0,0"
"2021-03-30 01:16:54.456909,72,56,0,61,8,4.189578810659598,3,4,29,17.25,0,0,69,1,0:00:00.154656,1,0"
"2021-03-30 01:16:54.678111,72,56,0,60,9,4.413290808177659,3,4,29,17.25,0,0,69,1,0,0,0"
"2021-03-30 01:16:54.763220,72,56,0,60,9,4.413290808177659,3,4,29,17.25,0,0,69,1,0:00:00.085109,1,0"
"2021-03-30 01:16:54.974252,72,56,0,62,7,4.286232865488516,3,4,29,17.25,0,0,69,1,0,0,0"
"2021-03-30 01:16:55.030865,72,56,0,62,7,4.286232865488516,3,4,29,17.25,0,0,69,1,0:00:00.056613,1,0"
"2021-03-30 01:16:55.255793,72,56,0,60,9,4.324177043253687,3,4,29,17.25,0,0,69,1,0,0,0"
"2021-03-30 01:16:55.256265,72,56,0,60,9,4.324177043253687,3,4,29,17.25,0,0,69,1,0:00:00.000472,1,0"
"2021-03-30 01:16:55.257052,72,56,0,61,8,4.4041932799546935,3,4,29,17.25,0,0,69,1,0,0,0"
"2021-03-30 01:16:55.478774,72,56,0,61,8,4.4041932799546935,3,4,29,17.25,0,0,69,1,0:00:00.221722,1,0"
"2021-03-30 01:16:55.479700,72,56,0,58,11,4.509263454007634,3,4,29,17.25,0,0,69,1,0,0,0"
"2021-03-30 01:16:55.686745,72,56,0,58,11,4.509263454007634,3,4,29,17.25,0,0,69,1,0:00:00.207045,1,0"
"2021-03-30 01:16:55.687737,72,56,0,60,9,4.346533160954197,3,4,29,17.25,0,0,69,1,0,0,0"
"2021-03-30 01:16:55.908612,72,56,0,60,9,4.346533160954197,3,4,29,17.25,0,0,69,1,0:00:00.220875,1,0"
"2021-03-30 01:16:56.131674,72,56,0,59,10,4.399130391390801,3,4,29,17.25,0,0,69,1,0,0,0"
"2021-03-30 01:16:56.196540,72,56,0,59,10,4.399130391390801,3,4,29,17.25,0,0,69,1,0:00:00.064866,1,0"
"2021-03-30 01:16:56.413620,72,56,0,61,8,4.297786285894102,3,4,29,17.25,0,0,69,1,0,0,0"
"2021-03-30 01:16:56.505001,72,56,0,61,8,4.297786285894102,3,4,29,17.25,0,0,69,1,0:00:00.091381,1,0"
"2021-03-30 01:16:56.739601,72,56,0,55,14,4.300075133621608,3,4,29,17.25,0,0,69,1,0,0,0"
"2021-03-30 01:16:56.810876,72,56,0,55,14,4.300075133621608,3,4,29,17.25,0,0,69,1,0:00:00.071275,1,0"
"2021-03-30 01:16:57.022114,72,56,0,60,9,4.402806259536501,3,4,29,17.25,0,0,69,1,0,0,0"
"2021-03-30 01:16:57.030137,72,56,0,60,9,4.402806259536501,3,4,29,17.25,0,0,69,1,0:00:00.008023,1,0"
"2021-03-30 01:16:58.286081,72,56,0,60,9,4.247970539069578,3,4,29,17.25,0,0,69,1,0,0,0"
"2021-03-30 01:16:58.386925,72,56,0,60,9,4.247970539069578,3,4,29,17.25,0,0,69,1,0:00:00.100844,1,0"
"2021-03-30 01:16:58.614858,182,47,0,153,22,4.8551767841838815,7,8,37,21.875,0,0,175,1,0,0,0"
"2021-03-30 01:16:58.654276,182,47,0,153,22,4.8551767841838815,7,8,37,21.875,0,0,175,1,0:00:00.039418,1,0"
"2021-03-30 01:16:58.655276,174,47,0,145,22,4.89724970282212,7,8,32,20.875,0,0,167,1,0,0,0"
"2021-03-30 01:16:58.855960,174,47,0,145,22,4.89724970282212,7,8,32,20.875,0,0,167,1,0:00:00.200684,1,0"
"2021-03-30 01:16:59.084303,165,47,0,144,15,4.716666577580526,6,7,37,22.714285714285715,0,0,159,1,0,0,0"
"2021-03-30 01:16:59.166425,165,47,0,144,15,4.716666577580526,6,7,37,22.714285714285715,0,0,159,1,0:00:00.082122,1,0"
"2021-03-30 01:16:59.411514,66,50,0,56,7,4.444354379560803,3,4,26,15.75,0,0,63,1,0,0,0"
"2021-03-30 01:16:59.473322,66,50,0,56,7,4.444354379560803,3,4,26,15.75,0,0,63,1,0:00:00.061808,1,0"
"2021-03-30 01:16:59.709337,72,56,0,63,6,4.25984210812893,3,4,29,17.25,0,0,69,1,0,0,0"
"2021-03-30 01:16:59.780599,72,56,0,63,6,4.25984210812893,3,4,29,17.25,0,0,69,1,0:00:00.071262,1,0"
"2021-03-30 01:17:00.006271,72,56,0,62,7,4.1798664942875305,3,4,29,17.25,0,0,69,1,0,0,0"
"2021-03-30 01:17:00.018918,72,56,0,62,7,4.1798664942875305,3,4,29,17.25,0,0,69,1,0:00:00.012647,1,0"
"2021-03-30 01:17:00.255344,72,56,0,62,7,4.192940799482509,3,4,29,17.25,0,0,69,1,0,0,0"
"2021-03-30 01:17:00.258147,72,56,0,62,7,4.192940799482509,3,4,29,17.25,0,0,69,1,0:00:00.002803,1,0"
"2021-03-30 01:17:00.259603,72,56,0,57,12,4.139086143667935,3,4,29,17.25,0,0,69,1,0,0,0"
"2021-03-30 01:17:00.477254,72,56,0,57,12,4.139086143667935,3,4,29,17.25,0,0,69,1,0:00:00.217651,1,0"
"2021-03-30 01:17:00.694190,72,56,0,62,7,4.163194834898115,3,4,29,17.25,0,0,69,1,0,0,0"
"2021-03-30 01:17:00.804887,72,56,0,62,7,4.163194834898115,3,4,29,17.25,0,0,69,1,0:00:00.110697,1,0"
"2021-03-30 01:17:01.022757,72,56,0,60,9,4.36996559319483,3,4,29,17.25,0,0,69,1,0,0,0"
"2021-03-30 01:17:01.111937,72,56,0,60,9,4.36996559319483,3,4,29,17.25,0,0,69,1,0:00:00.089180,1,0"
"2021-03-30 01:17:01.334272,72,56,0,60,9,4.199448571151656,3,4,29,17.25,0,0,69,1,0,0,0"
"2021-03-30 01:17:01.419299,72,56,0,60,9,4.199448571151656,3,4,29,17.25,0,0,69,1,0:00:00.085027,1,0"
"2021-03-30 01:17:01.630804,72,56,0,63,6,4.438779738227929,3,4,29,17.25,0,0,69,1,0,0,0"
"2021-03-30 01:17:01.726337,72,56,0,63,6,4.438779738227929,3,4,29,17.25,0,0,69,1,0:00:00.095533,1,0"
"2021-03-30 01:17:01.959690,72,56,0,60,9,4.414677828595853,3,4,29,17.25,0,0,69,1,0,0,0"
"2021-03-30 01:17:02.033387,72,56,0,60,9,4.414677828595853,3,4,29,17.25,0,0,69,1,0:00:00.073697,1,0"
"2021-03-30 01:17:02.034450,72,56,0,59,10,4.31875538317642,3,4,29,17.25,0,0,69,1,0,0,0"
"2021-03-30 01:17:02.250852,72,56,0,59,10,4.31875538317642,3,4,29,17.25,0,0,69,1,0:00:00.216402,1,0"
"2021-03-30 01:17:02.459823,72,56,0,57,12,4.383408466954941,3,4,29,17.25,0,0,69,1,0,0,0"
"2021-03-30 01:17:02.482943,72,56,0,57,12,4.383408466954941,3,4,29,17.25,0,0,69,1,0:00:00.023120,1,0"
"2021-03-30 01:17:05.739693,72,56,0,62,7,4.305312509416307,3,4,29,17.25,0,0,69,1,0,0,0"
"2021-03-30 01:17:06.499719,72,56,0,62,7,4.305312509416307,3,4,29,17.25,0,0,69,1,0:00:00.760026,1,0"
"2021-03-30 01:17:06.500588,72,56,0,61,8,4.348637724399137,3,4,29,17.25,0,0,69,1,0,0,0"
"2021-03-30 01:17:06.700712,72,56,0,61,8,4.348637724399137,3,4,29,17.25,0,0,69,1,0:00:00.200124,1,0"
"2021-03-30 01:17:06.701689,72,56,0,59,10,4.336766155339785,3,4,29,17.25,0,0,69,1,0,0,0"
"2021-03-30 01:17:06.911395,72,56,0,59,10,4.336766155339785,3,4,29,17.25,0,0,69,1,0:00:00.209706,1,0"
"2021-03-30 01:17:06.912384,72,56,0,61,8,4.265263768206196,3,4,29,17.25,0,0,69,1,0,0,0"
"2021-03-30 01:17:07.120670,72,56,0,61,8,4.265263768206196,3,4,29,17.25,0,0,69,1,0:00:00.208286,1,0"
"2021-03-30 01:17:07.334209,72,56,0,58,11,4.224937501201927,3,4,29,17.25,0,0,69,1,0,0,0"
"2021-03-30 01:17:07.354495,72,56,0,58,11,4.224937501201927,3,4,29,17.25,0,0,69,1,0:00:00.020286,1,0"
"2021-03-30 01:17:07.584811,72,56,0,60,9,4.294827960775149,3,4,29,17.25,0,0,69,1,0,0,0"
"2021-03-30 01:17:07.665637,72,56,0,60,9,4.294827960775149,3,4,29,17.25,0,0,69,1,0:00:00.080826,1,0"
"2021-03-30 01:17:07.881772,72,56,0,60,9,4.447877266450896,3,4,29,17.25,0,0,69,1,0,0,0"
"2021-03-30 01:17:07.972832,72,56,0,60,9,4.447877266450896,3,4,29,17.25,0,0,69,1,0:00:00.091060,1,0"
"2021-03-30 01:17:07.974170,72,56,0,59,10,4.1942013983051964,3,4,29,17.25,0,0,69,1,0,0,0"
"2021-03-30 01:17:08.177880,72,56,0,59,10,4.1942013983051964,3,4,29,17.25,0,0,69,1,0:00:00.203710,1,0"
"2021-03-30 01:17:08.396947,72,56,0,60,9,4.276147711220338,3,4,29,17.25,0,0,69,1,0,0,0"
"2021-03-30 01:17:08.399888,72,56,0,60,9,4.276147711220338,3,4,29,17.25,0,0,69,1,0:00:00.002941,1,0"
"2021-03-30 01:17:08.631362,183,63,0,152,24,4.844574935530847,7,8,33,22.0,0,0,176,1,0,0,0"
"2021-03-30 01:17:08.637771,183,63,0,152,24,4.844574935530847,7,8,33,22.0,0,0,176,1,0:00:00.006409,1,0"
"2021-03-30 01:17:08.865101,179,64,0,150,23,4.895808609966488,6,7,35,24.714285714285715,0,0,173,1,0,0,0"
"2021-03-30 01:17:08.894469,179,64,0,150,23,4.895808609966488,6,7,35,24.714285714285715,0,0,173,1,0:00:00.029368,1,0"
"2021-03-30 01:17:09.115633,157,61,0,134,17,4.76581603485682,6,7,35,21.571428571428573,0,0,151,1,0,0,0"
"2021-03-30 01:17:09.201708,157,61,0,134,17,4.76581603485682,6,7,35,21.571428571428573,0,0,151,1,0:00:00.086075,1,0"
"2021-03-30 01:17:09.411613,66,50,0,54,9,4.547515520578588,3,4,26,15.75,0,0,63,1,0,0,0"
"2021-03-30 01:17:09.508882,66,50,0,54,9,4.547515520578588,3,4,26,15.75,0,0,63,1,0:00:00.097269,1,0"
"2021-03-30 01:17:09.726184,72,56,0,59,10,4.269465452320382,3,4,29,17.25,0,0,69,1,0,0,0"
"2021-03-30 01:17:09.763720,72,56,0,59,10,4.269465452320382,3,4,29,17.25,0,0,69,1,0:00:00.037536,1,0"
"2021-03-30 01:17:09.976649,72,56,0,60,9,4.318755383176419,3,4,29,17.25,0,0,69,1,0,0,0"
"2021-03-30 01:17:10.005270,72,56,0,60,9,4.318755383176419,3,4,29,17.25,0,0,69,1,0:00:00.028621,1,0"
"2021-03-30 01:17:10.224856,72,56,0,60,9,4.402406865163519,3,4,29,17.25,0,0,69,1,0,0,0"
"2021-03-30 01:17:10.260764,72,56,0,60,9,4.402406865163519,3,4,29,17.25,0,0,69,1,0:00:00.035908,1,0"
"2021-03-30 01:17:10.262019,72,56,0,60,9,4.223868629437499,3,4,29,17.25,0,0,69,1,0,0,0"
"2021-03-30 01:17:10.468554,72,56,0,60,9,4.223868629437499,3,4,29,17.25,0,0,69,1,0:00:00.206535,1,0"
"2021-03-30 01:17:10.678112,72,56,0,61,8,4.062920262343435,3,4,29,17.25,0,0,69,1,0,0,0"
"2021-03-30 01:17:10.767042,72,56,0,61,8,4.062920262343435,3,4,29,17.25,0,0,69,1,0:00:00.088930,1,0"
"2021-03-30 01:17:10.990158,72,56,0,58,11,4.376415502176915,3,4,29,17.25,0,0,69,1,0,0,0"
"2021-03-30 01:17:11.004875,72,56,0,58,11,4.376415502176915,3,4,29,17.25,0,0,69,1,0:00:00.014717,1,0"
"2021-03-30 01:17:11.225969,72,56,0,64,5,4.287301737252942,3,4,29,17.25,0,0,69,1,0,0,0"
"2021-03-30 01:17:11.226599,72,56,0,64,5,4.287301737252942,3,4,29,17.25,0,0,69,1,0:00:00.000630,1,0"
"2021-03-30 01:17:11.227672,72,56,0,60,9,4.248369933442559,3,4,29,17.25,0,0,69,1,0,0,0"
"2021-03-30 01:17:11.454469,72,56,0,60,9,4.248369933442559,3,4,29,17.25,0,0,69,1,0:00:00.226797,1,0"
"2021-03-30 01:17:11.663677,72,56,0,62,7,4.318755383176419,3,4,29,17.25,0,0,69,1,0,0,0"
"2021-03-30 01:17:11.677418,72,56,0,62,7,4.318755383176419,3,4,29,17.25,0,0,69,1,0:00:00.013741,1,0"
"2021-03-30 01:17:11.896890,72,56,0,61,8,4.279106036339289,3,4,29,17.25,0,0,69,1,0,0,0"
"2021-03-30 01:17:11.966508,72,56,0,61,8,4.279106036339289,3,4,29,17.25,0,0,69,1,0:00:00.069618,1,0"
"2021-03-30 01:17:12.193003,72,56,0,54,15,4.294827960775148,3,4,29,17.25,0,0,69,1,0,0,0"
"2021-03-30 01:17:12.282912,72,56,0,54,15,4.294827960775148,3,4,29,17.25,0,0,69,1,0:00:00.089909,1,0"
"2021-03-30 01:17:12.505368,72,56,0,62,7,4.351954821031464,3,4,29,17.25,0,0,69,1,0,0,0"
"2021-03-30 01:17:12.581549,72,56,0,62,7,4.351954821031464,3,4,29,17.25,0,0,69,1,0:00:00.076181,1,0"
"2021-03-30 01:17:12.787423,72,56,0,62,7,4.205453690383644,3,4,29,17.25,0,0,69,1,0,0,0"
"2021-03-30 01:17:12.888249,72,56,0,62,7,4.205453690383644,3,4,29,17.25,0,0,69,1,0:00:00.100826,1,0"
"2021-03-30 01:17:13.114708,72,56,0,63,6,4.164637205736244,3,4,29,17.25,0,0,69,1,0,0,0"
"2021-03-30 01:17:13.156332,72,56,0,63,6,4.164637205736244,3,4,29,17.25,0,0,69,1,0:00:00.041624,1,0"
"2021-03-30 01:17:13.157224,72,56,0,62,7,4.219205135246588,3,4,29,17.25,0,0,69,1,0,0,0"
"2021-03-30 01:17:13.373104,72,56,0,62,7,4.219205135246588,3,4,29,17.25,0,0,69,1,0:00:00.215880,1,0"
"2021-03-30 01:17:13.585024,72,56,0,62,7,4.280629433395807,3,4,29,17.25,0,0,69,1,0,0,0"
"2021-03-30 01:17:13.592653,72,56,0,62,7,4.280629433395807,3,4,29,17.25,0,0,69,1,0:00:00.007629,1,0"
"2021-03-30 01:17:13.803491,72,56,0,62,7,4.2582733156952965,3,4,29,17.25,0,0,69,1,0,0,0"
"2021-03-30 01:17:13.953185,72,56,0,62,7,4.2582733156952965,3,4,29,17.25,0,0,69,1,0:00:00.149694,1,0"
"2021-03-30 01:17:14.163541,72,56,0,62,7,4.3991303913908,3,4,29,17.25,0,0,69,1,0,0,0"
"2021-03-30 01:17:14.318426,72,56,0,62,7,4.3991303913908,3,4,29,17.25,0,0,69,1,0:00:00.154885,1,0"
"2021-03-30 01:17:14.552944,72,56,0,61,8,4.185424531003122,3,4,29,17.25,0,0,69,1,0,0,0"
"2021-03-30 01:17:14.649136,72,56,0,61,8,4.185424531003122,3,4,29,17.25,0,0,69,1,0:00:00.096192,1,0"
"2021-03-30 01:17:14.864994,72,56,0,58,11,4.258136939056971,3,4,29,17.25,0,0,69,1,0,0,0"
"2021-03-30 01:17:15.035393,72,56,0,58,11,4.258136939056971,3,4,29,17.25,0,0,69,1,0:00:00.170399,1,0"
"2021-03-30 01:17:15.256396,181,72,0,154,21,4.844444421948843,6,7,36,25.0,0,0,175,1,0,0,0"
"2021-03-30 01:17:15.375871,181,72,0,154,21,4.844444421948843,6,7,36,25.0,0,0,175,1,0:00:00.119475,1,0"
"2021-03-30 01:17:15.585274,185,69,0,157,21,4.8805629505714325,7,8,35,22.25,0,0,178,1,0,0,0"
"2021-03-30 01:17:15.705908,185,69,0,157,21,4.8805629505714325,7,8,35,22.25,0,0,178,1,0:00:00.120634,1,0"
"2021-03-30 01:17:15.928877,154,65,0,136,12,4.742991088640943,6,7,34,21.142857142857142,0,0,148,1,0,0,0"
"2021-03-30 01:17:16.068480,154,65,0,136,12,4.742991088640943,6,7,34,21.142857142857142,0,0,148,1,0:00:00.139603,1,0"
"2021-03-30 01:17:16.304869,66,50,0,52,11,4.449178778219905,3,4,26,15.75,0,0,63,1,0,0,0"
"2021-03-30 01:17:16.432960,66,50,0,52,11,4.449178778219905,3,4,26,15.75,0,0,63,1,0:00:00.128091,1,0"
"2021-03-30 01:17:16.662277,72,56,0,60,9,4.268939636351896,3,4,29,17.25,0,0,69,1,0,0,0"
"2021-03-30 01:17:16.761821,72,56,0,60,9,4.268939636351896,3,4,29,17.25,0,0,69,1,0:00:00.099544,1,0"
"2021-03-30 01:17:16.974431,72,56,0,60,9,4.402088716509753,3,4,29,17.25,0,0,69,1,0,0,0"
"2021-03-30 01:17:17.016765,72,56,0,60,9,4.402088716509753,3,4,29,17.25,0,0,69,1,0:00:00.042334,1,0"
"2021-03-30 01:17:17.017881,72,56,0,60,9,4.263199827620864,3,4,29,17.25,0,0,69,1,0,0,0"
"2021-03-30 01:17:17.223159,72,56,0,60,9,4.263199827620864,3,4,29,17.25,0,0,69,1,0:00:00.205278,1,0"
"2021-03-30 01:17:17.224280,72,56,0,59,10,4.255305035533523,3,4,29,17.25,0,0,69,1,0,0,0"
"2021-03-30 01:17:17.420567,72,56,0,59,10,4.255305035533523,3,4,29,17.25,0,0,69,1,0:00:00.196287,1,0"
"2021-03-30 01:17:17.421623,72,56,0,62,7,4.21338408079634,3,4,29,17.25,0,0,69,1,0,0,0"
"2021-03-30 01:17:17.632114,72,56,0,62,7,4.21338408079634,3,4,29,17.25,0,0,69,1,0:00:00.210491,1,0"
"2021-03-30 01:17:17.849017,72,56,0,62,7,4.336766155339785,3,4,29,17.25,0,0,69,1,0,0,0"
"2021-03-30 01:17:17.905926,72,56,0,62,7,4.336766155339785,3,4,29,17.25,0,0,69,1,0:00:00.056909,1,0"
"2021-03-30 01:17:18.115518,72,56,0,61,8,4.234752572451641,3,4,29,17.25,0,0,69,1,0,0,0"
"2021-03-30 01:17:18.213051,72,56,0,61,8,4.234752572451641,3,4,29,17.25,0,0,69,1,0:00:00.097533,1,0"
"2021-03-30 01:17:18.214133,72,56,0,57,12,4.3871247384594225,3,4,29,17.25,0,0,69,1,0,0,0"
"2021-03-30 01:17:18.421165,72,56,0,57,12,4.3871247384594225,3,4,29,17.25,0,0,69,1,0:00:00.207032,1,0"
"2021-03-30 01:17:18.662274,72,56,0,63,6,4.377542017127578,3,4,29,17.25,0,0,69,1,0,0,0"
"2021-03-30 01:17:18.919494,72,56,0,63,6,4.377542017127578,3,4,29,17.25,0,0,69,1,0:00:00.257220,1,0"
"2021-03-30 01:17:19.131251,72,56,0,62,7,4.130576563431493,3,4,29,17.25,0,0,69,1,0,0,0"
"2021-03-30 01:17:19.162832,72,56,0,62,7,4.130576563431493,3,4,29,17.25,0,0,69,1,0:00:00.031581,1,0"
"2021-03-30 01:17:19.397076,72,56,0,61,8,4.371352613613022,3,4,29,17.25,0,0,69,1,0,0,0"
"2021-03-30 01:17:20.031129,72,56,0,61,8,4.371352613613022,3,4,29,17.25,0,0,69,1,0:00:00.634053,1,0"
"2021-03-30 01:17:20.240736,72,56,0,63,6,4.351954821031463,3,4,29,17.25,0,0,69,1,0,0,0"
"2021-03-30 01:17:20.262050,72,56,0,63,6,4.351954821031463,3,4,29,17.25,0,0,69,1,0:00:00.021314,1,0"
"2021-03-30 01:17:20.475569,72,56,0,58,11,4.3224312513221195,3,4,29,17.25,0,0,69,1,0,0,0"
"2021-03-30 01:17:20.499769,72,56,0,58,11,4.3224312513221195,3,4,29,17.25,0,0,69,1,0:00:00.024200,1,0"
"2021-03-30 01:17:20.709615,72,56,0,65,4,4.234035029424893,3,4,29,17.25,0,0,69,1,0,0,0"
"2021-03-30 01:17:20.774538,72,56,0,65,4,4.234035029424893,3,4,29,17.25,0,0,69,1,0:00:00.064923,1,0"
"2021-03-30 01:17:21.006413,72,56,0,64,5,4.366698696973044,3,4,29,17.25,0,0,69,1,0,0,0"
"2021-03-30 01:17:21.031949,72,56,0,64,5,4.366698696973044,3,4,29,17.25,0,0,69,1,0:00:00.025536,1,0"
"2021-03-30 01:17:21.240927,72,56,0,65,4,4.204685946946355,3,4,29,17.25,0,0,69,1,0,0,0"
"2021-03-30 01:17:21.249199,72,56,0,65,4,4.204685946946355,3,4,29,17.25,0,0,69,1,0:00:00.008272,1,0"
"2021-03-30 01:17:21.250291,72,56,0,62,7,4.425162377237012,3,4,29,17.25,0,0,69,1,0,0,0"
"2021-03-30 01:17:21.456031,72,56,0,62,7,4.425162377237012,3,4,29,17.25,0,0,69,1,0:00:00.205740,1,0"
"2021-03-30 01:17:21.662480,72,56,0,59,10,4.493716016802582,3,4,29,17.25,0,0,69,1,0,0,0"
"2021-03-30 01:17:21.694986,72,56,0,59,10,4.493716016802582,3,4,29,17.25,0,0,69,1,0:00:00.032506,1,0"
"2021-03-30 01:17:21.913020,72,56,0,59,10,4.4185783843829,3,4,29,17.25,0,0,69,1,0,0,0"
"2021-03-30 01:17:22.002129,72,56,0,59,10,4.4185783843829,3,4,29,17.25,0,0,69,1,0:00:00.089109,1,0"
"2021-03-30 01:17:22.210496,72,56,0,60,9,4.3165648014947555,3,4,29,17.25,0,0,69,1,0,0,0"
"2021-03-30 01:17:22.309301,72,56,0,60,9,4.3165648014947555,3,4,29,17.25,0,0,69,1,0:00:00.098805,1,0"
"2021-03-30 01:17:22.310487,190,49,0,162,21,4.834816978073945,7,8,38,22.875,0,0,183,1,0,0,0"
"2021-03-30 01:17:22.518861,190,49,0,162,21,4.834816978073945,7,8,38,22.875,0,0,183,1,0:00:00.208374,1,0"
"2021-03-30 01:17:22.724929,179,56,0,152,20,4.890937687223903,7,8,29,21.5,0,0,172,1,0,0,0"
"2021-03-30 01:17:22.823081,179,56,0,152,20,4.890937687223903,7,8,29,21.5,0,0,172,1,0:00:00.098152,1,0"
"2021-03-30 01:17:23.054214,152,63,0,128,18,4.757447560102544,6,7,34,20.857142857142858,0,0,146,1,0,0,0"
"2021-03-30 01:17:23.127994,152,63,0,128,18,4.757447560102544,6,7,34,20.857142857142858,0,0,146,1,0:00:00.073780,1,0"
"2021-03-30 01:17:23.336367,66,50,0,56,7,4.493327773262628,3,4,26,15.75,0,0,63,1,0,0,0"
"2021-03-30 01:17:23.435747,66,50,0,56,7,4.493327773262628,3,4,26,15.75,0,0,63,1,0:00:00.099380,1,0"
"2021-03-30 01:17:23.436627,72,56,0,63,6,4.258980903679223,3,4,29,17.25,0,0,69,1,0,0,0"
"2021-03-30 01:17:23.639903,72,56,0,63,6,4.258980903679223,3,4,29,17.25,0,0,69,1,0:00:00.203276,1,0"
"2021-03-30 01:17:23.641082,72,56,0,62,7,4.162891413804678,3,4,29,17.25,0,0,69,1,0,0,0"
"2021-03-30 01:17:23.853118,72,56,0,62,7,4.162891413804678,3,4,29,17.25,0,0,69,1,0:00:00.212036,1,0"
"2021-03-30 01:17:24.068092,72,56,0,60,9,4.200610684427675,3,4,29,17.25,0,0,69,1,0,0,0"
"2021-03-30 01:17:24.211960,72,56,0,60,9,4.200610684427675,3,4,29,17.25,0,0,69,1,0:00:00.143868,1,0"
"2021-03-30 01:17:24.443504,72,56,0,61,8,4.097735897089823,3,4,29,17.25,0,0,69,1,0,0,0"
"2021-03-30 01:17:24.459718,72,56,0,61,8,4.097735897089823,3,4,29,17.25,0,0,69,1,0:00:00.016214,1,0"
"2021-03-30 01:17:24.678328,72,56,0,63,6,4.074791831402787,3,4,29,17.25,0,0,69,1,0,0,0"
"2021-03-30 01:17:24.718058,72,56,0,63,6,4.074791831402787,3,4,29,17.25,0,0,69,1,0:00:00.039730,1,0"
"2021-03-30 01:17:24.928883,72,56,0,58,11,4.324177043253687,3,4,29,17.25,0,0,69,1,0,0,0"
"2021-03-30 01:17:24.944954,72,56,0,58,11,4.324177043253687,3,4,29,17.25,0,0,69,1,0:00:00.016071,1,0"
"2021-03-30 01:17:24.945994,72,56,0,61,8,4.193582121324293,3,4,29,17.25,0,0,69,1,0,0,0"
"2021-03-30 01:17:25.160920,72,56,0,61,8,4.193582121324293,3,4,29,17.25,0,0,69,1,0:00:00.214926,1,0"
"2021-03-30 01:17:25.161859,72,56,0,63,6,4.373507377468504,3,4,29,17.25,0,0,69,1,0,0,0"
"2021-03-30 01:17:25.367361,72,56,0,63,6,4.373507377468504,3,4,29,17.25,0,0,69,1,0:00:00.205502,1,0"
"2021-03-30 01:17:25.584886,72,56,0,63,6,4.2880192802796895,3,4,29,17.25,0,0,69,1,0,0,0"
"2021-03-30 01:17:25.597704,72,56,0,63,6,4.2880192802796895,3,4,29,17.25,0,0,69,1,0:00:00.012818,1,0"
"2021-03-30 01:17:25.819607,72,56,0,61,8,4.204286552573374,3,4,29,17.25,0,0,69,1,0,0,0"
"2021-03-30 01:17:25.829429,72,56,0,61,8,4.204286552573374,3,4,29,17.25,0,0,69,1,0:00:00.009822,1,0"
"2021-03-30 01:17:26.054219,72,56,0,62,7,4.383224182672375,3,4,29,17.25,0,0,69,1,0,0,0"
"2021-03-30 01:17:26.073853,72,56,0,62,7,4.383224182672375,3,4,29,17.25,0,0,69,1,0:00:00.019634,1,0"
"2021-03-30 01:17:26.288217,72,56,0,57,12,4.395280036014293,3,4,29,17.25,0,0,69,1,0,0,0"
"2021-03-30 01:17:26.302894,72,56,0,57,12,4.395280036014293,3,4,29,17.25,0,0,69,1,0:00:00.014677,1,0"
"2021-03-30 01:17:26.523577,72,56,0,60,9,4.222163460365541,3,4,29,17.25,0,0,69,1,0,0,0"
"2021-03-30 01:17:26.609988,72,56,0,60,9,4.222163460365541,3,4,29,17.25,0,0,69,1,0:00:00.086411,1,0"
"2021-03-30 01:17:26.819634,72,56,0,62,7,4.329239931817579,3,4,29,17.25,0,0,69,1,0,0,0"
"2021-03-30 01:17:26.940716,72,56,0,62,7,4.329239931817579,3,4,29,17.25,0,0,69,1,0:00:00.121082,1,0"
"2021-03-30 01:17:27.147285,72,56,0,60,9,4.185288154364796,3,4,29,17.25,0,0,69,1,0,0,0"
"2021-03-30 01:17:27.249172,72,56,0,60,9,4.185288154364796,3,4,29,17.25,0,0,69,1,0:00:00.101887,1,0"
"2021-03-30 01:17:27.459531,72,56,0,62,7,4.342187815417052,3,4,29,17.25,0,0,69,1,0,0,0"
"2021-03-30 01:17:27.541438,72,56,0,62,7,4.342187815417052,3,4,29,17.25,0,0,69,1,0:00:00.081907,1,0"
"2021-03-30 01:17:27.774497,72,56,0,64,5,4.27072605114307,3,4,29,17.25,0,0,69,1,0,0,0"
"2021-03-30 01:17:27.848299,72,56,0,64,5,4.27072605114307,3,4,29,17.25,0,0,69,1,0:00:00.073802,1,0"
"2021-03-30 01:17:28.070323,72,56,0,64,5,4.3224312513221195,3,4,29,17.25,0,0,69,1,0,0,0"
"2021-03-30 01:17:28.148107,72,56,0,64,5,4.3224312513221195,3,4,29,17.25,0,0,69,1,0:00:00.077784,1,0"
"2021-03-30 01:17:28.366427,72,56,0,55,14,4.282597620202422,3,4,29,17.25,0,0,69,1,0,0,0"
"2021-03-30 01:17:28.460002,72,56,0,55,14,4.282597620202422,3,4,29,17.25,0,0,69,1,0:00:00.093575,1,0"
"2021-03-30 01:17:28.694335,72,56,0,60,9,4.357735252622104,3,4,29,17.25,0,0,69,1,0,0,0"
"2021-03-30 01:17:28.760489,72,56,0,60,9,4.357735252622104,3,4,29,17.25,0,0,69,1,0:00:00.066154,1,0"
"2021-03-30 01:22:51.107598,188,57,0,163,18,4.835631363113317,7,8,36,22.625,0,0,181,1,0,0,0"
"2021-03-30 01:22:51.207125,188,57,0,163,18,4.835631363113317,7,8,36,22.625,0,0,181,1,0:00:00.099527,1,0"
"2021-03-30 01:22:51.419740,173,58,0,148,19,4.877435457784113,6,7,37,23.857142857142858,0,0,167,1,0,0,0"
"2021-03-30 01:22:51.514318,173,58,0,148,19,4.877435457784113,6,7,37,23.857142857142858,0,0,167,1,0:00:00.094578,1,0"
"2021-03-30 01:22:51.747760,158,58,0,139,13,4.812731469310687,6,7,35,21.714285714285715,0,0,152,1,0,0,0"
"2021-03-30 01:22:51.821503,158,58,0,139,13,4.812731469310687,6,7,35,21.714285714285715,0,0,152,1,0:00:00.073743,1,0"
"2021-03-30 01:22:52.046210,66,50,0,53,10,4.356667924646659,3,4,26,15.75,0,0,63,1,0,0,0"
"2021-03-30 01:22:52.130209,66,50,0,53,10,4.356667924646659,3,4,26,15.75,0,0,63,1,0:00:00.083999,1,0"
"2021-03-30 01:22:52.342334,72,56,0,59,10,4.274299164411124,3,4,29,17.25,0,0,69,1,0,0,0"
"2021-03-30 01:22:52.347262,72,56,0,59,10,4.274299164411124,3,4,29,17.25,0,0,69,1,0:00:00.004928,1,0"
"2021-03-30 01:22:52.348717,72,56,0,57,12,4.070862239387658,3,4,29,17.25,0,0,69,1,0,0,0"
"2021-03-30 01:22:52.564232,72,56,0,57,12,4.070862239387658,3,4,29,17.25,0,0,69,1,0:00:00.215515,1,0"
"2021-03-30 01:22:52.795691,72,56,0,63,6,4.1819304348728625,3,4,29,17.25,0,0,69,1,0,0,0"
"2021-03-30 01:22:52.795929,72,56,0,63,6,4.1819304348728625,3,4,29,17.25,0,0,69,1,0:00:00.000238,1,0"
"2021-03-30 01:22:53.014383,72,56,0,57,12,4.090927216594363,3,4,29,17.25,0,0,69,1,0,0,0"
"2021-03-30 01:22:53.050883,72,56,0,57,12,4.090927216594363,3,4,29,17.25,0,0,69,1,0:00:00.036500,1,0"
"2021-03-30 01:22:53.264988,72,56,0,61,8,4.171445886231703,3,4,29,17.25,0,0,69,1,0,0,0"
"2021-03-30 01:22:53.354690,72,56,0,61,8,4.171445886231703,3,4,29,17.25,0,0,69,1,0:00:00.089702,1,0"
"2021-03-30 01:22:53.561084,72,56,0,59,10,4.244335293783486,3,4,29,17.25,0,0,69,1,0,0,0"
"2021-03-30 01:22:53.767219,72,56,0,59,10,4.244335293783486,3,4,29,17.25,0,0,69,1,0:00:00.206135,1,0"
"2021-03-30 01:22:53.768591,72,56,0,62,7,4.364543933117564,3,4,29,17.25,0,0,69,1,0,0,0"
"2021-03-30 01:22:53.970427,72,56,0,62,7,4.364543933117564,3,4,29,17.25,0,0,69,1,0:00:00.201836,1,0"
"2021-03-30 01:22:54.185092,72,56,0,62,7,4.101373654643042,3,4,29,17.25,0,0,69,1,0,0,0"
"2021-03-30 01:22:54.279354,72,56,0,62,7,4.101373654643042,3,4,29,17.25,0,0,69,1,0:00:00.094262,1,0"
"2021-03-30 01:22:54.280327,72,56,0,62,7,4.3713526136130225,3,4,29,17.25,0,0,69,1,0,0,0"
"2021-03-30 01:22:54.498454,72,56,0,62,7,4.3713526136130225,3,4,29,17.25,0,0,69,1,0:00:00.218127,1,0"
"2021-03-30 01:22:54.522710,72,56,0,62,7,4.3713526136130225,3,4,29,17.25,0,0,69,1,0:00:00.024256,2,0"
"2021-03-30 01:22:54.747777,72,56,0,62,7,4.1942013983051964,3,4,29,17.25,0,0,69,1,0,0,0"
"2021-03-30 01:22:54.787522,72,56,0,62,7,4.1942013983051964,3,4,29,17.25,0,0,69,1,0:00:00.039745,1,0"
"2021-03-30 01:22:54.998236,72,56,0,61,8,4.07985471996668,3,4,29,17.25,0,0,69,1,0,0,0"
"2021-03-30 01:22:55.002606,72,56,0,61,8,4.07985471996668,3,4,29,17.25,0,0,69,1,0:00:00.004370,1,0"
"2021-03-30 01:22:55.233372,72,56,0,63,6,4.209748835510248,3,4,29,17.25,0,0,69,1,0,0,0"
"2021-03-30 01:22:55.246599,72,56,0,63,6,4.209748835510248,3,4,29,17.25,0,0,69,1,0:00:00.013227,1,0"
"2021-03-30 01:22:55.247551,72,56,0,58,11,4.308988377562008,3,4,29,17.25,0,0,69,1,0,0,0"
"2021-03-30 01:22:55.458219,72,56,0,58,11,4.308988377562008,3,4,29,17.25,0,0,69,1,0:00:00.210668,1,0"
"2021-03-30 01:22:55.669697,72,56,0,60,9,4.317368362758226,3,4,29,17.25,0,0,69,1,0,0,0"
"2021-03-30 01:22:55.713112,72,56,0,60,9,4.317368362758226,3,4,29,17.25,0,0,69,1,0:00:00.043415,1,0"
"2021-03-30 01:22:55.935320,72,56,0,60,9,4.1637760012865375,3,4,29,17.25,0,0,69,1,0,0,0"
"2021-03-30 01:22:55.940963,72,56,0,60,9,4.1637760012865375,3,4,29,17.25,0,0,69,1,0:00:00.005643,1,0"
"2021-03-30 01:22:56.155723,72,56,0,60,9,4.336766155339785,3,4,29,17.25,0,0,69,1,0,0,0"
"2021-03-30 01:22:56.233177,72,56,0,60,9,4.336766155339785,3,4,29,17.25,0,0,69,1,0:00:00.077454,1,0"
"2021-03-30 01:22:56.451696,72,56,0,59,10,4.361635808409152,3,4,29,17.25,0,0,69,1,0,0,0"
"2021-03-30 01:22:56.538530,72,56,0,59,10,4.361635808409152,3,4,29,17.25,0,0,69,1,0:00:00.086834,1,0"
"2021-03-30 01:22:56.747762,72,56,0,60,9,4.415445572033141,3,4,29,17.25,0,0,69,1,0,0,0"
"2021-03-30 01:22:56.839205,72,56,0,60,9,4.415445572033141,3,4,29,17.25,0,0,69,1,0:00:00.091443,1,0"
"2021-03-30 01:22:57.046373,72,56,0,60,9,4.3630228288273445,3,4,29,17.25,0,0,69,1,0,0,0"
"2021-03-30 01:22:57.146504,72,56,0,60,9,4.3630228288273445,3,4,29,17.25,0,0,69,1,0:00:00.100131,1,0"
"2021-03-30 01:22:57.357880,72,56,0,55,14,4.3820237393030474,3,4,29,17.25,0,0,69,1,0,0,0"
"2021-03-30 01:22:57.453543,72,56,0,55,14,4.3820237393030474,3,4,29,17.25,0,0,69,1,0:00:00.095663,1,0"
"2021-03-30 01:22:57.669942,179,58,0,153,20,4.798788337746465,6,7,38,24.714285714285715,0,0,173,1,0,0,0"
"2021-03-30 01:22:57.686627,179,58,0,153,20,4.798788337746465,6,7,38,24.714285714285715,0,0,173,1,0:00:00.016685,1,0"
"2021-03-30 01:22:57.905159,171,62,0,142,22,4.844749939982078,7,8,39,20.5,0,0,164,1,0,0,0"
"2021-03-30 01:22:57.968596,171,62,0,142,22,4.844749939982078,7,8,39,20.5,0,0,164,1,0:00:00.063437,1,0"
"2021-03-30 01:22:58.186204,170,48,0,149,15,4.713105651525296,6,7,40,23.428571428571427,0,0,164,1,0,0,0"
"2021-03-30 01:22:58.191744,170,48,0,149,15,4.713105651525296,6,7,40,23.428571428571427,0,0,164,1,0:00:00.005540,1,0"
"2021-03-30 01:22:58.192643,66,50,0,57,6,4.482677485818089,3,4,26,15.75,0,0,63,1,0,0,0"
"2021-03-30 01:22:58.396535,66,50,0,57,6,4.482677485818089,3,4,26,15.75,0,0,63,1,0:00:00.203892,1,0"
"2021-03-30 01:22:58.606810,72,56,0,61,8,4.123538706462884,3,4,29,17.25,0,0,69,1,0,0,0"
"2021-03-30 01:22:58.663312,72,56,0,61,8,4.123538706462884,3,4,29,17.25,0,0,69,1,0:00:00.056502,1,0"
"2021-03-30 01:22:58.873141,72,56,0,62,7,4.084979740548611,3,4,29,17.25,0,0,69,1,0,0,0"
"2021-03-30 01:22:58.887281,72,56,0,62,7,4.084979740548611,3,4,29,17.25,0,0,69,1,0:00:00.014140,1,0"
"2021-03-30 01:22:58.888423,72,56,0,60,9,4.3527987856537145,3,4,29,17.25,0,0,69,1,0,0,0"
"2021-03-30 01:22:59.092146,72,56,0,60,9,4.3527987856537145,3,4,29,17.25,0,0,69,1,0:00:00.203723,1,0"
"2021-03-30 01:22:59.310620,72,56,0,62,7,4.331829688371397,3,4,29,17.25,0,0,69,1,0,0,0"
"2021-03-30 01:22:59.340228,72,56,0,62,7,4.331829688371397,3,4,29,17.25,0,0,69,1,0:00:00.029608,1,0"
"2021-03-30 01:22:59.560551,72,56,0,63,6,4.30459496638956,3,4,29,17.25,0,0,69,1,0,0,0"
"2021-03-30 01:22:59.589234,72,56,0,63,6,4.30459496638956,3,4,29,17.25,0,0,69,1,0:00:00.028683,1,0"
"2021-03-30 01:22:59.795841,72,56,0,61,8,4.025748316847356,3,4,29,17.25,0,0,69,1,0,0,0"
"2021-03-30 01:22:59.884058,72,56,0,61,8,4.025748316847356,3,4,29,17.25,0,0,69,1,0:00:00.088217,1,0"
"2021-03-30 01:23:00.107844,72,56,0,61,8,4.27543016819359,3,4,29,17.25,0,0,69,1,0,0,0"
"2021-03-30 01:23:00.113924,72,56,0,61,8,4.27543016819359,3,4,29,17.25,0,0,69,1,0:00:00.006080,1,0"
"2021-03-30 01:23:00.326556,72,56,0,60,9,4.357154086233681,3,4,29,17.25,0,0,69,1,0,0,0"
"2021-03-30 01:23:00.425521,72,56,0,60,9,4.357154086233681,3,4,29,17.25,0,0,69,1,0:00:00.098965,1,0"
"2021-03-30 01:23:00.654536,72,56,0,63,6,4.323992758971119,3,4,29,17.25,0,0,69,1,0,0,0"
"2021-03-30 01:23:00.730712,72,56,0,63,6,4.323992758971119,3,4,29,17.25,0,0,69,1,0:00:00.076176,1,0"
"2021-03-30 01:23:00.967131,72,56,0,64,5,4.289406300697882,3,4,29,17.25,0,0,69,1,0,0,0"
"2021-03-30 01:23:01.045527,72,56,0,64,5,4.289406300697882,3,4,29,17.25,0,0,69,1,0:00:00.078396,1,0"
"2021-03-30 01:23:01.265908,72,56,0,59,10,4.282597620202422,3,4,29,17.25,0,0,69,1,0,0,0"
"2021-03-30 01:23:01.345820,72,56,0,59,10,4.282597620202422,3,4,29,17.25,0,0,69,1,0:00:00.079912,1,0"
"2021-03-30 01:23:01.346712,72,56,0,59,10,4.387667794255362,3,4,29,17.25,0,0,69,1,0,0,0"
"2021-03-30 01:23:01.546277,72,56,0,59,10,4.387667794255362,3,4,29,17.25,0,0,69,1,0:00:00.199565,1,0"
"2021-03-30 01:23:01.547259,72,56,0,60,9,4.422613024041975,3,4,29,17.25,0,0,69,1,0,0,0"
"2021-03-30 01:23:01.745317,72,56,0,60,9,4.422613024041975,3,4,29,17.25,0,0,69,1,0:00:00.198058,1,0"
"2021-03-30 01:23:01.746219,72,56,0,57,12,4.42906293302406,3,4,29,17.25,0,0,69,1,0,0,0"
"2021-03-30 01:23:01.949758,72,56,0,57,12,4.42906293302406,3,4,29,17.25,0,0,69,1,0:00:00.203539,1,0"
"2021-03-30 01:23:01.950937,72,56,0,63,6,4.221579781709992,3,4,29,17.25,0,0,69,1,0,0,0"
"2021-03-30 01:23:02.150301,72,56,0,63,6,4.221579781709992,3,4,29,17.25,0,0,69,1,0:00:00.199364,1,0"
"2021-03-30 01:23:02.357665,72,56,0,63,6,4.285914716834748,3,4,29,17.25,0,0,69,1,0,0,0"
"2021-03-30 01:23:02.366813,72,56,0,63,6,4.285914716834748,3,4,29,17.25,0,0,69,1,0:00:00.009148,1,0"
"2021-03-30 01:23:02.367663,72,56,0,58,11,4.43564692587817,3,4,29,17.25,0,0,69,1,0,0,0"
"2021-03-30 01:23:02.565636,72,56,0,58,11,4.43564692587817,3,4,29,17.25,0,0,69,1,0:00:00.197973,1,0"
"2021-03-30 01:23:02.795223,72,56,0,62,7,4.462262370879104,3,4,29,17.25,0,0,69,1,0,0,0"
"2021-03-30 01:23:02.926645,72,56,0,62,7,4.462262370879104,3,4,29,17.25,0,0,69,1,0:00:00.131422,1,0"
"2021-03-30 01:23:02.927539,72,56,0,63,6,4.1861321189870475,3,4,29,17.25,0,0,69,1,0,0,0"
"2021-03-30 01:23:03.135918,72,56,0,63,6,4.1861321189870475,3,4,29,17.25,0,0,69,1,0:00:00.208379,1,0"
"2021-03-30 01:23:03.342598,72,56,0,60,9,4.400517411808993,3,4,29,17.25,0,0,69,1,0,0,0"
"2021-03-30 01:23:03.421350,72,56,0,60,9,4.400517411808993,3,4,29,17.25,0,0,69,1,0:00:00.078752,1,0"
"2021-03-30 01:23:03.656704,182,68,0,158,18,4.806688019733291,6,7,39,25.142857142857142,0,0,176,1,0,0,0"
"2021-03-30 01:23:03.665693,182,68,0,158,18,4.806688019733291,6,7,39,25.142857142857142,0,0,176,1,0:00:00.008989,1,0"
"2021-03-30 01:23:03.666668,190,44,0,163,20,4.871319493326323,7,8,37,22.875,0,0,183,1,0,0,0"
"2021-03-30 01:23:03.873432,190,44,0,163,20,4.871319493326323,7,8,37,22.875,0,0,183,1,0:00:00.206764,1,0"
"2021-03-30 01:23:03.874283,146,64,0,130,11,4.780186423533777,5,6,38,23.5,0,0,141,1,0,0,0"
"2021-03-30 01:23:04.085381,146,64,0,130,11,4.780186423533777,5,6,38,23.5,0,0,141,1,0:00:00.211098,1,0"
"2021-03-30 01:23:04.086403,66,50,0,55,8,4.398408644376408,3,4,26,15.75,0,0,63,1,0,0,0"
"2021-03-30 01:23:04.295944,66,50,0,55,8,4.398408644376408,3,4,26,15.75,0,0,63,1,0:00:00.209541,1,0"
"2021-03-30 01:23:04.296947,72,56,0,58,11,4.076766799807503,3,4,29,17.25,0,0,69,1,0,0,0"
"2021-03-30 01:23:04.505963,72,56,0,58,11,4.076766799807503,3,4,29,17.25,0,0,69,1,0:00:00.209016,1,0"
"2021-03-30 01:23:04.507069,72,56,0,58,11,4.258455087710736,3,4,29,17.25,0,0,69,1,0,0,0"
"2021-03-30 01:23:04.720220,72,56,0,58,11,4.258455087710736,3,4,29,17.25,0,0,69,1,0:00:00.213151,1,0"
"2021-03-30 01:23:04.937149,72,56,0,61,8,4.234353178078659,3,4,29,17.25,0,0,69,1,0,0,0"
"2021-03-30 01:23:04.950264,72,56,0,61,8,4.234353178078659,3,4,29,17.25,0,0,69,1,0:00:00.013115,1,0"
"2021-03-30 01:23:04.951482,72,56,0,61,8,4.44035104292869,3,4,29,17.25,0,0,69,1,0,0,0"
"2021-03-30 01:23:05.148590,72,56,0,61,8,4.44035104292869,3,4,29,17.25,0,0,69,1,0:00:00.197108,1,0"
"2021-03-30 01:23:05.357655,72,56,0,61,8,4.188964022510497,3,4,29,17.25,0,0,69,1,0,0,0"
"2021-03-30 01:23:05.441893,72,56,0,61,8,4.188964022510497,3,4,29,17.25,0,0,69,1,0:00:00.084238,1,0"
"2021-03-30 01:23:05.654490,72,56,0,60,9,4.354059384476404,3,4,29,17.25,0,0,69,1,0,0,0"
"2021-03-30 01:23:05.665048,72,56,0,60,9,4.354059384476404,3,4,29,17.25,0,0,69,1,0:00:00.010558,1,0"
"2021-03-30 01:23:05.873171,72,56,0,62,7,4.275430168193591,3,4,29,17.25,0,0,69,1,0,0,0"
"2021-03-30 01:23:05.953133,72,56,0,62,7,4.275430168193591,3,4,29,17.25,0,0,69,1,0:00:00.079962,1,0"
"2021-03-30 01:23:06.185431,72,56,0,58,11,4.361635808409153,3,4,29,17.25,0,0,69,1,0,0,0"
"2021-03-30 01:23:06.260854,72,56,0,58,11,4.361635808409153,3,4,29,17.25,0,0,69,1,0:00:00.075423,1,0"
"2021-03-30 01:23:06.483744,72,56,0,60,9,4.357017709595357,3,4,29,17.25,0,0,69,1,0,0,0"
"2021-03-30 01:23:06.567393,72,56,0,60,9,4.357017709595357,3,4,29,17.25,0,0,69,1,0:00:00.083649,1,0"
"2021-03-30 01:23:06.795817,72,56,0,60,9,4.25303342763347,3,4,29,17.25,0,0,69,1,0,0,0"
"2021-03-30 01:23:06.875012,72,56,0,60,9,4.25303342763347,3,4,29,17.25,0,0,69,1,0:00:00.079195,1,0"
"2021-03-30 01:23:07.108039,72,56,0,61,8,4.318755383176419,3,4,29,17.25,0,0,69,1,0,0,0"
"2021-03-30 01:23:07.182347,72,56,0,61,8,4.318755383176419,3,4,29,17.25,0,0,69,1,0:00:00.074308,1,0"
"2021-03-30 01:23:07.389516,72,56,0,61,8,4.279106036339289,3,4,29,17.25,0,0,69,1,0,0,0"
"2021-03-30 01:23:07.404638,72,56,0,61,8,4.279106036339289,3,4,29,17.25,0,0,69,1,0:00:00.015122,1,0"
"2021-03-30 01:23:07.625279,72,56,0,60,9,4.248369933442559,3,4,29,17.25,0,0,69,1,0,0,0"
"2021-03-30 01:23:07.644178,72,56,0,60,9,4.248369933442559,3,4,29,17.25,0,0,69,1,0:00:00.018899,1,0"
"2021-03-30 01:23:07.857198,72,56,0,61,8,4.308988377562008,3,4,29,17.25,0,0,69,1,0,0,0"
"2021-03-30 01:23:07.864012,72,56,0,61,8,4.308988377562008,3,4,29,17.25,0,0,69,1,0:00:00.006814,1,0"
"2021-03-30 01:23:07.865062,72,56,0,62,7,4.279823579366037,3,4,29,17.25,0,0,69,1,0,0,0"
"2021-03-30 01:23:08.068725,72,56,0,62,7,4.279823579366037,3,4,29,17.25,0,0,69,1,0:00:00.203663,1,0"
"2021-03-30 01:23:08.069628,72,56,0,57,12,4.477042064646868,3,4,29,17.25,0,0,69,1,0,0,0"
"2021-03-30 01:23:08.263413,72,56,0,57,12,4.477042064646868,3,4,29,17.25,0,0,69,1,0:00:00.193785,1,0"
"2021-03-30 01:23:08.264294,72,56,0,59,10,4.400517411808994,3,4,29,17.25,0,0,69,1,0,0,0"
"2021-03-30 01:23:08.465465,72,56,0,59,10,4.400517411808994,3,4,29,17.25,0,0,69,1,0:00:00.201171,1,0"
"2021-03-30 01:23:08.466348,72,56,0,61,8,4.318755383176419,3,4,29,17.25,0,0,69,1,0,0,0"
"2021-03-30 01:23:08.678704,72,56,0,61,8,4.318755383176419,3,4,29,17.25,0,0,69,1,0:00:00.212356,1,0"
"2021-03-30 01:23:08.679584,72,56,0,57,12,4.365930953535756,3,4,29,17.25,0,0,69,1,0,0,0"
"2021-03-30 01:23:08.894327,72,56,0,57,12,4.365930953535756,3,4,29,17.25,0,0,69,1,0:00:00.214743,1,0"
"2021-03-30 01:23:09.107800,72,56,0,59,10,4.346851309607963,3,4,29,17.25,0,0,69,1,0,0,0"
"2021-03-30 01:23:09.115248,72,56,0,59,10,4.346851309607963,3,4,29,17.25,0,0,69,1,0:00:00.007448,1,0"
"2021-03-30 01:23:09.326552,190,59,0,164,19,4.80952472331548,7,8,39,22.875,0,0,183,1,0,0,0"
"2021-03-30 01:23:09.331788,190,59,0,164,19,4.80952472331548,7,8,39,22.875,0,0,183,1,0:00:00.005236,1,0"
"2021-03-30 01:23:09.332723,174,55,0,152,15,4.8449225029931835,7,8,32,20.875,0,0,167,1,0,0,0"
"2021-03-30 01:23:09.534511,174,55,0,152,15,4.8449225029931835,7,8,32,20.875,0,0,167,1,0:00:00.201788,1,0"
"2021-03-30 01:23:09.747885,157,61,0,132,19,4.767595081316646,6,7,33,21.571428571428573,0,0,151,1,0,0,0"
"2021-03-30 01:23:09.750412,157,61,0,132,19,4.767595081316646,6,7,33,21.571428571428573,0,0,151,1,0:00:00.002527,1,0"
"2021-03-30 01:23:09.966677,66,50,0,52,11,4.436139326129031,3,4,26,15.75,0,0,63,1,0,0,0"
"2021-03-30 01:23:09.979347,66,50,0,52,11,4.436139326129031,3,4,26,15.75,0,0,63,1,0:00:00.012670,1,0"
"2021-03-30 01:23:10.186345,72,56,0,57,12,4.185606303018563,3,4,29,17.25,0,0,69,1,0,0,0"
"2021-03-30 01:23:10.202020,72,56,0,57,12,4.185606303018563,3,4,29,17.25,0,0,69,1,0:00:00.015675,1,0"
"2021-03-30 01:23:10.435807,72,56,0,61,8,4.206575400300881,3,4,29,17.25,0,0,69,1,0,0,0"
"2021-03-30 01:23:10.562089,72,56,0,61,8,4.206575400300881,3,4,29,17.25,0,0,69,1,0:00:00.126282,1,0"
"2021-03-30 01:23:10.795845,72,56,0,63,6,4.200835591569849,3,4,29,17.25,0,0,69,1,0,0,0"
"2021-03-30 01:23:10.868834,72,56,0,63,6,4.200835591569849,3,4,29,17.25,0,0,69,1,0:00:00.072989,1,0"
"2021-03-30 01:23:11.091909,72,56,0,57,12,4.301780302693566,3,4,29,17.25,0,0,69,1,0,0,0"
"2021-03-30 01:23:11.186554,72,56,0,57,12,4.301780302693566,3,4,29,17.25,0,0,69,1,0:00:00.094645,1,0"
"2021-03-30 01:23:11.406591,72,56,0,61,8,4.170584681781996,3,4,29,17.25,0,0,69,1,0,0,0"
"2021-03-30 01:23:11.479900,72,56,0,61,8,4.170584681781996,3,4,29,17.25,0,0,69,1,0:00:00.073309,1,0"
"2021-03-30 01:23:11.686486,72,56,0,57,12,4.24026254353193,3,4,29,17.25,0,0,69,1,0,0,0"
"2021-03-30 01:23:11.788465,72,56,0,57,12,4.24026254353193,3,4,29,17.25,0,0,69,1,0:00:00.101979,1,0"
"2021-03-30 01:23:11.998517,72,56,0,61,8,4.094883122801348,3,4,29,17.25,0,0,69,1,0,0,0"
"2021-03-30 01:23:12.005346,72,56,0,61,8,4.094883122801348,3,4,29,17.25,0,0,69,1,0:00:00.006829,1,0"
"2021-03-30 01:23:12.006532,72,56,0,61,8,4.249756953860753,3,4,29,17.25,0,0,69,1,0,0,0"
"2021-03-30 01:23:12.223622,72,56,0,61,8,4.249756953860753,3,4,29,17.25,0,0,69,1,0:00:00.217090,1,0"
"2021-03-30 01:23:12.435921,72,56,0,58,11,4.325564063671878,3,4,29,17.25,0,0,69,1,0,0,0"
"2021-03-30 01:23:12.440117,72,56,0,58,11,4.325564063671878,3,4,29,17.25,0,0,69,1,0:00:00.004196,1,0"
"2021-03-30 01:23:12.654774,72,56,0,60,9,4.290977605398642,3,4,29,17.25,0,0,69,1,0,0,0"
"2021-03-30 01:23:12.702745,72,56,0,60,9,4.290977605398642,3,4,29,17.25,0,0,69,1,0:00:00.047971,1,0"
"2021-03-30 01:23:12.936973,72,56,0,61,8,4.370733336632118,3,4,29,17.25,0,0,69,1,0,0,0"
"2021-03-30 01:23:12.937348,72,56,0,61,8,4.370733336632118,3,4,29,17.25,0,0,69,1,0:00:00.000375,1,0"
"2021-03-30 01:23:13.155800,72,56,0,60,9,4.1068334253127885,3,4,29,17.25,0,0,69,1,0,0,0"
"2021-03-30 01:23:13.192031,72,56,0,60,9,4.1068334253127885,3,4,29,17.25,0,0,69,1,0:00:00.036231,1,0"
"2021-03-30 01:23:13.406560,72,56,0,62,7,4.319073531830185,3,4,29,17.25,0,0,69,1,0,0,0"
"2021-03-30 01:23:13.420157,72,56,0,62,7,4.319073531830185,3,4,29,17.25,0,0,69,1,0:00:00.013597,1,0"
"2021-03-30 01:23:13.421240,72,56,0,57,12,4.321218718134733,3,4,29,17.25,0,0,69,1,0,0,0"
"2021-03-30 01:23:13.630588,72,56,0,57,12,4.321218718134733,3,4,29,17.25,0,0,69,1,0:00:00.209348,1,0"
"2021-03-30 01:23:13.858519,72,56,0,58,11,4.2534328220064515,3,4,29,17.25,0,0,69,1,0,0,0"
"2021-03-30 01:23:13.884539,72,56,0,58,11,4.2534328220064515,3,4,29,17.25,0,0,69,1,0:00:00.026020,1,0"
"2021-03-30 01:23:13.885563,72,56,0,61,8,4.363022828827344,3,4,29,17.25,0,0,69,1,0,0,0"
"2021-03-30 01:23:14.086878,72,56,0,61,8,4.363022828827344,3,4,29,17.25,0,0,69,1,0:00:00.201315,1,0"
"2021-03-30 01:23:14.297247,72,56,0,61,8,4.268437203415564,3,4,29,17.25,0,0,69,1,0,0,0"
"2021-03-30 01:23:14.302434,72,56,0,61,8,4.268437203415564,3,4,29,17.25,0,0,69,1,0:00:00.005187,1,0"
"2021-03-30 01:23:14.529137,72,56,0,60,9,4.164637205736244,3,4,29,17.25,0,0,69,1,0,0,0"
"2021-03-30 01:23:14.542097,72,56,0,60,9,4.164637205736244,3,4,29,17.25,0,0,69,1,0:00:00.012960,1,0"
"2021-03-30 01:23:14.748020,72,56,0,60,9,4.183716849664037,3,4,29,17.25,0,0,69,1,0,0,0"
"2021-03-30 01:23:14.786363,72,56,0,60,9,4.183716849664037,3,4,29,17.25,0,0,69,1,0:00:00.038343,1,0"
"2021-03-30 01:23:14.998630,72,56,0,55,14,4.306302647728645,3,4,29,17.25,0,0,69,1,0,0,0"
"2021-03-30 01:23:15.007385,72,56,0,55,14,4.306302647728645,3,4,29,17.25,0,0,69,1,0:00:00.008755,1,0"
